İlan no,Son Güncelleme Tarihi,İlan Durumu,Konut Şekli,Oda + Salon Sayısı,Brüt / Net M2,Bulunduğu Kat,Bina Yaşı,Isınma Tipi,Kat Sayısı,Krediye Uygunluk,Eşya Durumu,Banyo Sayısı,Yapı Tipi,Yapının Durumu,Kullanım Durumu,Tapu Durumu,Aidat,Takas,Cephe,Kira Getirisi,Yakıt Tipi,Yetkili Ofis,Semt,Mahalle,Fiyat
124743-42,Bugün,Satılık,Daire,2 + 1,"
                          105 m2
                        ",1. Kat,12 Yaşında,Kombi,3 Katlı,Uygun,Eşyalı Değil,1,Betonarme,İkinci El,Ev Sahibi Oturuyor,Kat Mülkiyeti,30 TL,Evet,Güney,1.500 TL,Doğalgaz,Evet,Keçiören,Ayvalı,217.000 TL
74395-199,Dün,Satılık,Residence,4 + 1,"
                          225 m2
                        ",1. Kat,Sıfır Bina,Kombi,25 Katlı,Uygun,Eşyalı Değil,2,Betonarme,Sıfır,Boş,,200 TL,Evet,Güney,2.500 TL,Doğalgaz,,Mamak,General Zeki Doğan,975.000 TL
36828-3455,2 Gün Önce,Satılık,Daire,4 + 1,"
                          200 m2
                        ",1. Kat,Sıfır Bina,Kombi,9 Katlı,Uygun,Eşyalı Değil,2,Betonarme,Sıfır,Boş,Kat Mülkiyeti,,Hayır,,3.000 TL,Doğalgaz,,Etimesgut,Bağlıca,1.199.000 TL
16354-21659,6 Gün Önce,Satılık,Daire,4 + 1,"
                          225 m2
                        ",6. Kat,Sıfır Bina,Merkezi (Pay Ölçer),22 Katlı,Uygun,Eşyalı Değil,2,Betonarme,Sıfır,Boş,Kat Mülkiyeti,,Evet,"Kuzey, Güney, Doğu, Batı",3.500 TL,Doğalgaz,Evet,Keçiören,Ovacık,950.000 TL
1170-4848,19 Gün Önce,Satılık,Daire,4 + 1,"
                          220 m2
                        ",4. Kat,Sıfır Bina,Kombi,5 Katlı,Uygun,Eşyalı Değil,2,Betonarme,Sıfır,,,,Hayır,"Güney, Batı",,Doğalgaz,Evet,Çankaya,Maltepe,1.300.000 TL
36828-3530,2 Gün Önce,Satılık,Daire,4 + 1,"
                          218 m2
                        ",1. Kat,Sıfır Bina,Merkezi (Pay Ölçer),16 Katlı,Uygun,Eşyalı Değil,2,Betonarme,Sıfır,Boş,Kat Mülkiyeti,,Hayır,,4.500 TL,Doğalgaz,Evet,Etimesgut,Bağlıca,1.349.000 TL
54420-1781,10 Gün Önce,Satılık,Daire,3 + 1,"
                          110 m2
                        ",3. Kat,35 Yaşında,Kombi,3 Katlı,Uygun,Eşyalı Değil,1,,,Boş,Kat Mülkiyeti,40 TL,Hayır,"Güney, Doğu",2.400 TL,Doğalgaz,Evet,Çankaya,Bahçelievler,650.000 TL
4901-1545,4 Gün Önce,Satılık,Daire,4 + 1,"
                          200 m2
                        ",3. Kat,Sıfır Bina,Merkezi (Pay Ölçer),14 Katlı,Uygun,Eşyalı Değil,2,Betonarme,Sıfır,Boş,Kat Mülkiyeti,150 TL,Evet,"Kuzey, Güney, Doğu, Batı",3.500 TL,Doğalgaz,Evet,Keçiören,Ovacık,869.000 TL
123854-30,19 Gün Önce,Satılık,Daire,4 + 1,"
                          262 m2
                        ",1. Kat,Sıfır Bina,Merkezi,9 Katlı,Uygun,Eşyalı Değil,2,Betonarme,Sıfır,Boş,Kat İrtifakı,,Evet,"Kuzey, Güney, Doğu, Batı",,Doğalgaz,Evet,Etimesgut,Bağlıca,1.299.000 TL
114844-466,13 Gün Önce,Satılık,Daire,2 + 1,"
                          110 m2
                        ",5. Kat,Sıfır Bina,Merkezi (Pay Ölçer),11 Katlı,Uygun,Eşyalı Değil,2,Betonarme,Sıfır,Boş,Kat Mülkiyeti,,Hayır,,,Doğalgaz,,Etimesgut,Bağlıca,799.000 TL
114844-500,6 Gün Önce,Satılık,Daire,4 + 1,"
                          200 m2
                        ",1. Kat,Sıfır Bina,Merkezi (Pay Ölçer),9 Katlı,Uygun,Eşyalı Değil,2,Betonarme,Sıfır,Boş,Kat Mülkiyeti,,Evet,"Güney, Doğu",3.500 TL,Doğalgaz,,Etimesgut,Bağlıca,1.149.000 TL
3483-3879,Dün,Satılık,Daire,3 + 1,"
                          145 m2
                        ",3. Kat,25 Yaşında,Merkezi,4 Katlı,Uygun,Eşyalı Değil,2,Betonarme,Sıfır,Boş,Kat Mülkiyeti,400 TL,Evet,"Güney, Doğu",450 TL,Doğalgaz,Evet,Çankaya,Ayrancı,735.000 TL
5042-3034,7 Gün Önce,Satılık,Daire,3 + 1,"
                          110 m2
                        ",3. Kat,35 Yaşında,Kombi,3 Katlı,Uygun,Eşyalı Değil,1,Betonarme,İkinci El,Kiracı Oturuyor,Kat Mülkiyeti,75 TL,Hayır,"Güney, Doğu",1.600 TL,Doğalgaz,Evet,Çankaya,Yukarı Bahçelievler,595.000 TL
74395-181,Dün,Satılık,Daire,4 + 1,"
                          225 m2
                        ",1. Kat,Sıfır Bina,Kombi,25 Katlı,Uygun,Eşyalı Değil,2,Betonarme,Yapım Aşamasında,Boş,Kat İrtifakı,200 TL,Evet,Güney,2.500 TL,Doğalgaz,Evet,Mamak,General Zeki Doğan,1.050.000 TL
4937-5218,Bugün,Satılık,Daire,4 + 1,"
                          155 m2
                        ",2. Kat,14 Yaşında,Kombi,4 Katlı,Uygun,Eşyalı Değil,2,Betonarme,İkinci El,Ev Sahibi Oturuyor,Kat Mülkiyeti,75 TL,Hayır,"Kuzey, Batı",,Doğalgaz,Evet,Çankaya,Gökkuşağı,795.000 TL
1350-3568,Bugün,Satılık,Daire,4 + 1,"
                          200 m2
                        ",8. Kat,4 Yaşında,Merkezi (Pay Ölçer),9 Katlı,Uygun,Eşyalı Değil,2,Betonarme,Sıfır,Boş,Kat Mülkiyeti,,Hayır,,,Doğalgaz,Evet,Pursaklar,Saray Cumhuriyet,645.000 TL
1350-3550,Bugün,Satılık,Daire,3 + 1,"
                          130 m2
                        ",4. Kat,10 Yaşında,Kombi,10 Katlı,Uygun,Eşyalı Değil,1,Betonarme,İkinci El,Boş,Kat Mülkiyeti,,Hayır,"Güney, Doğu",,Doğalgaz,Evet,Pursaklar,Mimar Sinan,455.000 TL
1350-3571,Bugün,Satılık,Daire,3 + 1,"
                          130 m2
                        ",2. Kat,10 Yaşında,Kombi,3 Katlı,Uygun,Eşyalı Değil,2,Betonarme,İkinci El,Boş,Kat Mülkiyeti,,Hayır,,,Doğalgaz,Evet,Pursaklar,Merkez,529.000 TL
70969-2983,Bugün,Satılık,Daire,3 + 1,"
                          130 m2
                        ",3. Kat,8 Yaşında,Kombi,3 Katlı,Uygun,Eşyalı Değil,1,Betonarme,İkinci El,Boş,,,Hayır,"Kuzey, Doğu",,Doğalgaz,,Keçiören,Uyanış,480.000 TL
2545-5849,Bugün,Satılık,Daire,4 + 1,"
                          188 m2
                        ",12. Kat,Sıfır Bina,Merkezi (Pay Ölçer),12 Katlı,Uygun,Eşyalı Değil,2,Betonarme,Sıfır,Boş,Kat Mülkiyeti,,Hayır,"Kuzey, Güney, Doğu, Batı",3.000 TL,Doğalgaz,Evet,Pursaklar,Mimar Sinan,1.320.000 TL
4110-1974,Bugün,Satılık,Daire,3 + 1,"
                          136 m2
                        ",1. Kat,20 Yaşında,Kombi,3 Katlı,Uygun,Eşyalı Değil,1,Betonarme,İkinci El,Kiracı Oturuyor,Kat Mülkiyeti,50 TL,Hayır,"Kuzey, Doğu, Batı",1.650 TL,Doğalgaz,Evet,Çankaya,Huzur,455.000 TL
119311-4,Dün,Satılık,Daire,4 + 1,"
                          195 m2
                        ",2. Kat,Sıfır Bina,Merkezi,16 Katlı,Uygun,Eşyalı Değil,2,Betonarme,Sıfır,Boş,Kat İrtifakı,,Hayır,"Kuzey, Güney, Doğu",,Doğalgaz,Evet,Keçiören,Kuşcağız,780.000 TL
5554-4213,Bugün,Satılık,Daire,4 + 1,"
                          195 m2
                        ",5. Kat,12 Yaşında,Kombi,10 Katlı,Uygun,Eşyalı Değil,2,Betonarme,İkinci El,Kiracı Oturuyor,Kat Mülkiyeti,200 TL,Hayır,"Kuzey, Doğu",2.900 TL,Doğalgaz,Evet,Çankaya,Çiğdem,1.320.000 TL
123338-68,Dün,Satılık,Daire,9 + 1,"
                          440 m2
                        ",13. Kat,10 Yaşında,Merkezi (Pay Ölçer),20 Katlı,Uygun değil,Eşyalı Değil,4,,İkinci El,Ev Sahibi Oturuyor,,,Evet,,25.000 TL,,,Çankaya,Güzeltepe,5.950.000 TL
2450-1152,Bugün,Satılık,Daire,4 + 2,"
                          350 m2
                        ",4. Kat,14 Yaşında,Kombi,4 Katlı,Uygun,Eşyalı Değil,2,Betonarme,İkinci El,Ev Sahibi Oturuyor,Kat Mülkiyeti,100 TL,Hayır,"Güney, Batı",5.000 TL,Doğalgaz,,Çankaya,Çiğdem,1.400.000 TL
29364-19449,Bugün,Satılık,Daire,3 + 1,"
                          110 m2
                        ",En Üst Kat,23 Yaşında,Kombi,4 Katlı,Uygun,Eşyalı Değil,1,Betonarme,İkinci El,Ev Sahibi Oturuyor,Kat Mülkiyeti,,Hayır,"Kuzey, Batı",,Doğalgaz,Evet,Etimesgut,Şeyh Şamil,357.000 TL
112435-1850,Dün,Satılık,Daire,5 + 2,"
                          295 m2
                        ",10. Kat,4 Yaşında,Kombi,10 Katlı,Uygun,Eşyalı Değil,2,Betonarme,İkinci El,Boş,Kat Mülkiyeti,100 TL,Evet,"Kuzey, Güney, Batı",1.500 TL,Doğalgaz,Evet,Altındağ,Güneşevler,1.190.000 TL
6310-17498,Bugün,Satılık,Daire,3 + 1,"
                          105 m2
                        ",Giriş Katı,15 Yaşında,Kombi,3 Katlı,Uygun,Eşyalı Değil,1,Betonarme,İkinci El,Ev Sahibi Oturuyor,Kat Mülkiyeti,40 TL,Hayır,"Güney, Doğu, Batı",1.000 TL,Doğalgaz,Evet,Çankaya,İlker,275.000 TL
14984-3199,Bugün,Satılık,Daire,3 + 1,"
                          135 m2
                        ",1. Kat,20 Yaşında,Kombi,3 Katlı,Uygun,Eşyalı Değil,1,Betonarme,Sıfır,Boş,Kat Mülkiyeti,35 TL,Hayır,Batı,2.500 TL,Doğalgaz,Evet,Çankaya,İlkadım,625.000 TL
59864-3023,Bugün,Satılık,Daire,3 + 1,"
                          140 m2
                        ",4. Kat,7 Yaşında,Kombi,9 Katlı,Uygun,Eşyalı Değil,2,Betonarme,İkinci El,Kiracı Oturuyor,Kat Mülkiyeti,110 TL,Hayır,Batı,1.500 TL,Doğalgaz,Evet,Mamak,Cengizhan,475.000 TL
65258-3148,Bugün,Satılık,Daire,4 + 1,"
                          210 m2
                        ",3. Kat,2 Yaşında,Kombi,3 Katlı,Uygun,Eşyalı Değil,2,Betonarme,Sıfır,Boş,,,Evet,"Kuzey, Batı",,Doğalgaz,Evet,Mamak,Ekin,320.000 TL
111334-1454,Bugün,Satılık,Daire,2 + 1,"
                          100 m2
                        ",2. Kat,Sıfır Bina,Merkezi (Pay Ölçer),21 Katlı,Uygun,Eşyalı Değil,2,Betonarme,Yapım Aşamasında,Boş,Kat İrtifakı,,Hayır,Batı,4.000 TL,Doğalgaz,Evet,Çankaya,Beytepe,890.000 TL
2688-264,Bugün,Satılık,Daire,1 + 1,"
                          42 m2
                        ",1. Kat,Sıfır Bina,Kombi,4 Katlı,Uygun değil,Eşyalı Değil,1,Betonarme,Sıfır,Boş,Kat İrtifakı,,Evet,Güney,,Doğalgaz,Evet,Gölbaşı,Kızılcaşar,475.000 TL
8168-2150,Dün,Satılık,Daire,3 + 1,"
                          115 m2
                        ",En Üst Kat,40 Yaşında,Kombi,3 Katlı,Uygun,Eşyalı Değil,1,Betonarme,İkinci El,Boş,Kat Mülkiyeti,50 TL,Hayır,"Güney, Batı",1.750 TL,Doğalgaz,Evet,Çankaya,İleri,365.000 TL
89899-971,Bugün,Satılık,Daire,3 + 1,"
                          105 m2
                        ",Kot 1,Sıfır Bina,Kombi,4 Katlı,Uygun,Eşyalı Değil,1,Betonarme,Sıfır,Boş,Kat Mülkiyeti,30 TL,Evet,"Güney, Doğu",800 TL,Doğalgaz,Evet,Mamak,Mutlu,225.000 TL
2533-2286,Bugün,Satılık,Daire,3 + 1,"
                          145 m2
                        ",Giriş Katı,Sıfır Bina,Kombi,4 Katlı,Uygun,Eşyalı Değil,2,Betonarme,Sıfır,Boş,,,Hayır,"Güney, Batı",,Doğalgaz,Evet,Çankaya,Bahçelievler,1.100.000 TL
102398-270,Dün,Satılık,Daire,3 + 1,"
                          135 m2
                        ",4. Kat,10 Yaşında,Kombi,4 Katlı,Uygun,Eşyalı Değil,1,Betonarme,İkinci El,Boş,Kat Mülkiyeti,,Hayır,"Kuzey, Batı",1.300 TL,Doğalgaz,Evet,Sincan,Fevzi Çakmak,275.000 TL
7705-4833,Dün,Satılık,Daire,3 + 1,"
                          120 m2
                        ",Kot 1,19 Yaşında,Kombi,3 Katlı,Uygun,Eşyalı Değil,1,Betonarme,İkinci El,Ev Sahibi Oturuyor,Kat Mülkiyeti,50 TL,Hayır,Batı,1.250 TL,Doğalgaz,Evet,Çankaya,İlkadım,235.000 TL
53653-1773,Bugün,Satılık,Daire,2 + 1,"
                          125 m2
                        ",Kot 1,36 Yaşında,Kombi,4 Katlı,Uygun,Eşyalı Değil,1,Betonarme,Sıfır,Boş,Kat Mülkiyeti,65 TL,Hayır,"Güney, Doğu, Batı",2.000 TL,Doğalgaz,Evet,Çankaya,Aziziye,415.000 TL
53138-8631,Dün,Satılık,Daire,3 + 1,"
                          115 m2
                        ",Giriş Katı,5 Yaşında,Kombi,3 Katlı,Uygun,Eşyalı Değil,1,Betonarme,İkinci El,Boş,Kat Mülkiyeti,1 TL,Evet,"Kuzey, Güney, Doğu, Batı",1 TL,Doğalgaz,Evet,Mamak,Mutlu,330.000 TL
4901-2434,Dün,Satılık,Daire,3 + 1,"
                          135 m2
                        ",1. Kat,4 Yaşında,Kombi,3 Katlı,Uygun,Eşyalı Değil,1,Betonarme,İkinci El,Boş,Kat Mülkiyeti,50 TL,Evet,"Kuzey, Güney, Doğu, Batı",1.300 TL,Doğalgaz,Evet,Keçiören,Yükseltepe,419.000 TL
104775-4118,Dün,Satılık,Daire,3 + 1,"
                          140 m2
                        ",3. Kat,4 Yaşında,Kombi,4 Katlı,Uygun,Eşyalı Değil,1,Betonarme,İkinci El,Belirtilmemiş,Kat Mülkiyeti,40 TL,Evet,"Kuzey, Güney, Doğu, Batı",2.200 TL,Doğalgaz,Evet,Mamak,General Zeki Doğan,515.000 TL
1170-5053,Bugün,Satılık,Daire,2 + 1,"
                          80 m2
                        ",Bahçe Katı,35 Yaşında,Merkezi,9 Katlı,Uygun,Eşyalı Değil,1,Betonarme,,Kiracı Oturuyor,Kat Mülkiyeti,300 TL,Hayır,"Kuzey, Batı",,Doğalgaz,Evet,Çankaya,Emek,365.000 TL
124917-23,Bugün,Satılık,Daire,3 + 1,"
                          130 m2
                        ",Giriş Katı,Sıfır Bina,Kombi,3 Katlı,Uygun,Eşyalı Değil,2,Betonarme,Sıfır,Boş,Kat Mülkiyeti,150 TL,Hayır,Güney,,Doğalgaz,Evet,Altındağ,Aydınlıkevler,760.000 TL
3341-17788,Bugün,Satılık,Daire,3 + 1,"
                          120 m2
                        ",2. Kat,26 Yaşında,Merkezi,8 Katlı,Uygun,Eşyalı Değil,1,Betonarme,Sıfır,Boş,Kat Mülkiyeti,400 TL,Hayır,Doğu,2.800 TL,Doğalgaz,Evet,Çankaya,Huzur,645.000 TL
65739-16866,Dün,Satılık,Daire,4 + 1,"
                          240 m2
                        ",9. Kat,1 Yaşında,Merkezi (Pay Ölçer),19 Katlı,Uygun,Eşyalı,2,Betonarme,İkinci El,Kiracı Oturuyor,Kat Mülkiyeti,,Hayır,"Güney, Doğu",3.000 TL,Doğalgaz,Evet,Altındağ,Güneşevler,1.300.000 TL
6464-10323,Dün,Satılık,Daire,1 + 1,"
                          100 m2
                        ",Kot 1,29 Yaşında,Kombi,2 Katlı,Uygun,Eşyalı Değil,1,Betonarme,İkinci El,Kiracı Oturuyor,Kat Mülkiyeti,35 TL,Hayır,"Kuzey, Batı",1.000 TL,Doğalgaz,,Çankaya,Aydınlar,198.000 TL
93678-7713,Bugün,Satılık,Daire,4 + 1,"
                          215 m2
                        ",2. Kat,2 Yaşında,Kombi,4 Katlı,Uygun,Eşyalı Değil,2,Betonarme,İkinci El,Ev Sahibi Oturuyor,Kat Mülkiyeti,50 TL,Evet,"Güney, Doğu",2.000 TL,Doğalgaz,Evet,Keçiören,Yükseltepe,499.000 TL
5497-5981,Dün,Satılık,Daire,3 + 1,"
                          125 m2
                        ",3. Kat,25 Yaşında,Merkezi,4 Katlı,Uygun,Eşyalı Değil,1,Betonarme,İkinci El,Boş,Kat Mülkiyeti,650 TL,Hayır,"Kuzey, Doğu, Batı",4.000 TL,Doğalgaz,Evet,Çankaya,Bahçelievler,1.250.000 TL
1493-12714,Dün,Satılık,Daire,3 + 1,"
                          110 m2
                        ",5. Kat,18 Yaşında,Kombi,5 Katlı,Uygun,Eşyalı Değil,1,Betonarme,İkinci El,Boş,Kat Mülkiyeti,35 TL,Hayır,Doğu,1.000 TL,Doğalgaz,Evet,Sincan,Selçuklu,217.000 TL
113784-382,Dün,Satılık,Daire,4 + 1,"
                          250 m2
                        ",20. Kat,Sıfır Bina,Merkezi (Pay Ölçer),24 Katlı,Uygun,Eşyalı Değil,2,Betonarme,Sıfır,Boş,Kat Mülkiyeti,100 TL,Evet,"Güney, Doğu, Batı",3.500 TL,Doğalgaz,Evet,Keçiören,Ovacık,1.050.000 TL
7956-1125,Dün,Satılık,Daire,4 + 1,"
                          208 m2
                        ",11. Kat,2 Yaşında,Merkezi (Pay Ölçer),18 Katlı,Uygun,Eşyalı Değil,2,Betonarme,Sıfır,Boş,Kat Mülkiyeti,,,"Güney, Doğu",3.500 TL,,Evet,Yenimahalle,Turgut Özal,1.225.000 TL
8450-1623,Bugün,Satılık,Daire,3 + 1,"
                          130 m2
                        ",1. Kat,35 Yaşında,Merkezi,4 Katlı,Uygun,Eşyalı Değil,1,Betonarme,İkinci El,Belirtilmemiş,Kat Mülkiyeti,545 TL,Hayır,"Güney, Batı",2.800 TL,Doğalgaz,Evet,Çankaya,Bahçelievler,760.000 TL
118347-428,Dün,Satılık,Daire,3 + 1,"
                          120 m2
                        ",Kot 3,20 Yaşında,Kombi,3 Katlı,Uygun,Eşyalı Değil,1,Betonarme,İkinci El,Boş,Kat Mülkiyeti,,Evet,,800 TL,Doğalgaz,Evet,Keçiören,İncirli,210.000 TL
84156-1830,Dün,Satılık,Daire,5 + 1,"
                          250 m2
                        ",4. Kat,1 Yaşında,Kombi,4 Katlı,Uygun,Eşyalı Değil,2,Betonarme,İkinci El,Ev Sahibi Oturuyor,Kat İrtifakı,,Hayır,"Kuzey, Güney, Doğu, Batı",3.000 TL,Doğalgaz,Evet,Çankaya,Keklik Pınarı,750.000 TL
5235-8714,Bugün,Satılık,Daire,3 + 1,"
                          135 m2
                        ",Yüksek Giriş,2 Yaşında,Kombi,4 Katlı,Uygun,Eşyalı Değil,1,Betonarme,İkinci El,Ev Sahibi Oturuyor,Kat Mülkiyeti,100 TL,Hayır,"Güney, Batı",1.800 TL,Doğalgaz,Evet,Çankaya,Şehit Cengiz Karaca,445.000 TL
25069-1799,Dün,Satılık,Daire,1 + 1,"
                          90 m2
                        ",13. Kat,15 Yaşında,Merkezi,13 Katlı,Uygun,Eşyalı Değil,1,Betonarme,İkinci El,Boş,,,Hayır,"Güney, Doğu, Batı",9.000 TL,Doğalgaz,Evet,Çankaya,Büyükesat,1.150.000 TL
15878-12933,Dün,Satılık,Daire,3 + 1,"
                          130 m2
                        ",1. Kat,1 Yaşında,Kombi,3 Katlı,Uygun,Eşyalı Değil,2,Betonarme,Sıfır,Boş,Kat Mülkiyeti,,Hayır,"Kuzey, Güney, Doğu, Batı",2.000 TL,Doğalgaz,Evet,Keçiören,Yayla,680.000 TL
69912-582,Dün,Satılık,Daire,3 + 1,"
                          115 m2
                        ",Yüksek Giriş,25 Yaşında,Merkezi,3 Katlı,Uygun,Eşyalı,1,Betonarme,İkinci El,Boş,Kat Mülkiyeti,75 TL,Evet,"Güney, Batı",2.250 TL,Doğalgaz,Evet,Çankaya,Maltepe,460.000 TL
112187-525,Dün,Satılık,Villa,8 + 2,"
                          550 m2
                        ",,Sıfır Bina,Kombi,4 Katlı,Uygun,Eşyalı Değil,4,,Sıfır,Boş,,430 TL,,"Kuzey, Güney, Doğu, Batı",,,Evet,Çankaya,Mutlukent,6.500.000 TL
92647-2260,Dün,Satılık,Daire,4 + 1,"
                          190 m2
                        ",1. Kat,Sıfır Bina,Merkezi (Pay Ölçer),9 Katlı,Uygun,Eşyalı Değil,2,Betonarme,Sıfır,Boş,Kat Mülkiyeti,,Hayır,"Kuzey, Güney, Doğu, Batı",3.800 TL,Doğalgaz,,Etimesgut,Bağlıca,1.195.000 TL
124525-21,Dün,Satılık,Daire,3 + 1,"
                          165 m2
                        ",2. Kat,6 Yaşında,Kombi,4 Katlı,Uygun,Eşyalı Değil,2,Betonarme,İkinci El,Belirtilmemiş,Kat Mülkiyeti,,Hayır,"Güney, Doğu, Batı",2.000 TL,Doğalgaz,Evet,Keçiören,Şehit Kubilay,585.000 TL
57660-825,Bugün,Satılık,Villa,5 + 1,"
                          400 m2
                        ",,8 Yaşında,Kombi,4 Katlı,Uygun,Eşyalı Değil,4,Betonarme,İkinci El,Boş,,1.000 TL,Hayır,"Kuzey, Güney, Doğu, Batı",15.000 TL,Doğalgaz,Evet,Çankaya,Alacaatlı,3.230.000 TL
11065-1743,Bugün,Satılık,Müstakil Ev,8 + 2,"
                          3.500 m2
                        ",,25 Yaşında,Kat Kaloriferi,3 Katlı,Uygun,Eşyalı Değil,3,Betonarme,İkinci El,Boş,Arsa,,Evet,"Kuzey, Güney, Doğu, Batı",,Akaryakıt,Evet,Çankaya,Dodurga,2.500.000 TL
62044-3384,Bugün,Satılık,Daire,3 + 1,"
                          145 m2
                        ",1. Kat,Sıfır Bina,Kombi,3 Katlı,Uygun,Eşyalı Değil,1,Betonarme,Sıfır,Boş,Kat Mülkiyeti,,Hayır,"Güney, Doğu, Batı",1.000 TL,Doğalgaz,Evet,Altındağ,Karapürçek,380.000 TL
16167-957,Dün,Satılık,Daire,3 + 1,"
                          148 m2
                        ",4. Kat,14 Yaşında,Kombi,4 Katlı,Uygun,Eşyalı Değil,2,Betonarme,İkinci El,Boş,Kat Mülkiyeti,100 TL,Evet,Güney,2.000 TL,Doğalgaz,Evet,Yenimahalle,İlkyerleşim,507.000 TL
2646-889,Dün,Satılık,Daire,5 + 1,"
                          240 m2
                        ",9. Kat,20 Yaşında,Kombi,9 Katlı,Uygun,Eşyalı Değil,3,Betonarme,İkinci El,Ev Sahibi Oturuyor,Kat Mülkiyeti,100 TL,Hayır,"Kuzey, Doğu",4.000 TL,Doğalgaz,Evet,Çankaya,Yukarı Öveçler,1.350.000 TL
14225-2781,Dün,Satılık,Daire,4 + 1,"
                          165 m2
                        ",Kot 1,13 Yaşında,Kombi,3 Katlı,Uygun,Eşyalı Değil,2,Betonarme,İkinci El,Boş,Kat Mülkiyeti,150 TL,Hayır,"Güney, Doğu",2.500 TL,Doğalgaz,Evet,Çankaya,Akpınar,575.000 TL
124439-2,Dün,Satılık,Daire,4 + 1,"
                          260 m2
                        ",4. Kat,15 Yaşında,Merkezi,5 Katlı,Uygun,Eşyalı Değil,2,Betonarme,İkinci El,Ev Sahibi Oturuyor,Kat İrtifakı,860 TL,Hayır,"Güney, Doğu, Batı",,Doğalgaz,Evet,Çankaya,Mutlukent,3.200.000 TL
8316-2149,Bugün,Satılık,Villa,2 + 1,"
                          150 m2
                        ",,31 Yaşında,Kombi,2 Katlı,Uygun,Eşyalı Değil,1,Betonarme,İkinci El,Kiracı Oturuyor,Kat Mülkiyeti,180 TL,Hayır,"Doğu, Batı",3.500 TL,Doğalgaz,Evet,Çankaya,Konutkent,1.845.000 TL
47587-987,Bugün,Satılık,Daire,3 + 1,"
                          110 m2
                        ",4. Kat,40 Yaşında,Merkezi,4 Katlı,Uygun,Eşyalı Değil,1,Kagir,İkinci El,Boş,Kat Mülkiyeti,420 TL,Hayır,,,Doğalgaz,Evet,Çankaya,Oran,690.000 TL
86604-5325,Dün,Satılık,Daire,3 + 1,"
                          116 m2
                        ",Giriş Katı,8 Yaşında,Merkezi (Pay Ölçer),11 Katlı,Uygun değil,Eşyalı Değil,1,Betonarme,İkinci El,Kiracı Oturuyor,Kat Mülkiyeti,150 TL,Hayır,Doğu,600 TL,Doğalgaz,Evet,Etimesgut,Yapracık,105.000 TL
115933-100,Bugün,Satılık,Daire,8 + 1,"
                          328 m2
                        ",3. Kat,Sıfır Bina,Kombi,4 Katlı,Uygun,Eşyalı Değil,4,Betonarme,Sıfır,Kiracı Oturuyor,Kat Mülkiyeti,400 TL,Evet,"Kuzey, Güney, Doğu",4.000 TL,Doğalgaz,Evet,Çankaya,Beytepe,1.900.000 TL
4932-2669,Bugün,Satılık,Daire,3 + 1,"
                          115 m2
                        ",2. Kat,26 Yaşında,Kombi,5 Katlı,Uygun,Eşyalı Değil,1,Betonarme,İkinci El,Boş,Kat Mülkiyeti,130 TL,Hayır,"Kuzey, Güney",1.200 TL,Doğalgaz,Evet,Yenimahalle,Kardelen,385.000 TL
16744-19186,Bugün,Satılık,Daire,1 + 1,"
                          55 m2
                        ",3. Kat,23 Yaşında,Merkezi,3 Katlı,Uygun,Eşyalı,1,Betonarme,İkinci El,Boş,Kat Mülkiyeti,,Hayır,"Güney, Doğu",,Doğalgaz,Evet,Etimesgut,Tunahan,267.000 TL
73018-1839,Bugün,Satılık,Daire,2 + 1,"
                          120 m2
                        ",2. Kat,Sıfır Bina,Kombi,3 Katlı,Uygun,Eşyalı Değil,1,Betonarme,Sıfır,Boş,Kat Mülkiyeti,,Hayır,Güney,,Doğalgaz,Evet,Pursaklar,Yunus Emre,365.000 TL
122265-478,Bugün,Satılık,Daire,3 + 1,"
                          105 m2
                        ",Giriş Katı,15 Yaşında,Kombi,3 Katlı,Uygun,Eşyalı Değil,1,Betonarme,İkinci El,Ev Sahibi Oturuyor,Kat Mülkiyeti,,Hayır,,,Doğalgaz,Evet,Mamak,Şahintepe,215.000 TL
10409-1876,Bugün,Satılık,Daire,3 + 1,"
                          110 m2
                        ",Yüksek Giriş,19 Yaşında,Kombi,4 Katlı,Uygun,Eşyalı Değil,1,Betonarme,İkinci El,Boş,Kat Mülkiyeti,30 TL,Hayır,"Güney, Doğu",1.200 TL,Doğalgaz,Evet,Çankaya,Huzur,320.000 TL
124824-27,Bugün,Satılık,Daire,3 + 1,"
                          130 m2
                        ",3. Kat,20 Yaşında,Kombi,4 Katlı,Uygun,Eşyalı Değil,1,Betonarme,İkinci El,Ev Sahibi Oturuyor,Kat Mülkiyeti,25 TL,Hayır,"Güney, Doğu, Batı",900 TL,Doğalgaz,Evet,Sincan,Akşemsettin,277.000 TL
64462-1247,Bugün,Satılık,Daire,3 + 1,"
                          130 m2
                        ",1. Kat,30 Yaşında,Kombi,5 Katlı,Uygun,Eşyalı,1,Betonarme,İkinci El,Belirtilmemiş,Kat Mülkiyeti,,Hayır,"Güney, Doğu",,Doğalgaz,Evet,Yenimahalle,Demetevler,520.000 TL
113388-903,Bugün,Satılık,Daire,2 + 1,"
                          115 m2
                        ",2. Kat,10 Yaşında,Kombi,4 Katlı,Uygun,Eşyalı Değil,1,Betonarme,İkinci El,Boş,Kat Mülkiyeti,30 TL,Evet,"Kuzey, Güney",1.200 TL,Doğalgaz,Evet,Etimesgut,Topçu,259.000 TL
111749-680,Bugün,Satılık,Daire,2 + 1,"
                          102 m2
                        ",5. Kat,21 Yaşında,Merkezi,8 Katlı,Uygun,Eşyalı Değil,1,Betonarme,İkinci El,Kiracı Oturuyor,Kat Mülkiyeti,,Hayır,,1.800 TL,Doğalgaz,Evet,Etimesgut,Eryaman,500.000 TL
15279-505,Dün,Satılık,Daire,3 + 1,"
                          135 m2
                        ",1. Kat,27 Yaşında,Kombi,4 Katlı,Uygun,Eşyalı Değil,2,,,Boş,Kat Mülkiyeti,,,"Kuzey, Batı",2.500 TL,Doğalgaz,,Çankaya,Yıldızevler,600.000 TL
66675-5076,Dün,Satılık,Daire,3 + 1,"
                          122 m2
                        ",2. Kat,22 Yaşında,Kombi,5 Katlı,Uygun,Eşyalı Değil,1,Betonarme,İkinci El,,Kat Mülkiyeti,100 TL,Hayır,Güney,2.000 TL,Doğalgaz,Evet,Yenimahalle,Ergazi,425.000 TL
116051-132,Dün,Satılık,Daire,3 + 1,"
                          115 m2
                        ",1. Kat,20 Yaşında,Kombi,5 Katlı,Uygun,Eşyalı Değil,1,Betonarme,İkinci El,Boş,Kat Mülkiyeti,100 TL,Hayır,"Güney, Doğu",750 TL,Doğalgaz,Evet,Sincan,Gökçek,261.000 TL
65100-1402,Dün,Satılık,Bina,3 + 1,"
                          95 m2
                        ",,10 Yaşında,Kombi,3 Katlı,Uygun,Eşyalı Değil,1,Betonarme,İkinci El,Kiracı Oturuyor,Kat Mülkiyeti,30 TL,,"Güney, Batı",675 TL,Doğalgaz,,Mamak,Türközü,200.000 TL
9417-2155,Bugün,Satılık,Daire,3 + 1,"
                          150 m2
                        ",5. Kat,19 Yaşında,Kombi,9 Katlı,Uygun,Eşyalı Değil,2,Betonarme,İkinci El,Boş,Kat Mülkiyeti,200 TL,Hayır,"Güney, Doğu",2.000 TL,Doğalgaz,Evet,Çankaya,Huzur,553.000 TL
119164-425,Bugün,Satılık,Daire,3 + 1,"
                          125 m2
                        ",2. Kat,25 Yaşında,Merkezi,3 Katlı,Uygun,Eşyalı Değil,1,Betonarme,İkinci El,Ev Sahibi Oturuyor,Kat Mülkiyeti,300 TL,Hayır,"Güney, Batı",2.000 TL,Doğalgaz,Evet,Çankaya,Harbiye,397.000 TL
13848-3824,Dün,Satılık,Daire,3 + 1,"
                          115 m2
                        ",5. Kat,20 Yaşında,Kombi,5 Katlı,Uygun,Eşyalı Değil,1,,İkinci El,Boş,Kat Mülkiyeti,,Hayır,"Kuzey, Güney, Doğu",,Doğalgaz,Evet,Sincan,Ertuğrulgazi,200.000 TL
60904-943,Bugün,Satılık,Daire,2 + 1,"
                          100 m2
                        ",2. Kat,10 Yaşında,Kombi,4 Katlı,Uygun,Eşyalı Değil,1,Betonarme,İkinci El,Boş,Kat Mülkiyeti,,Hayır,"Kuzey, Batı",,Doğalgaz,Evet,Etimesgut,Şeker,315.000 TL
121676-296,Dün,Satılık,Daire,3 + 1,"
                          125 m2
                        ",1. Kat,10 Yaşında,Kombi,4 Katlı,Uygun,Eşyalı Değil,1,Betonarme,İkinci El,Boş,Kat Mülkiyeti,30 TL,Evet,Güney,,Doğalgaz,Evet,Keçiören,Bağlum Güzelyurt,259.999 TL
121128-57,Bugün,Satılık,Daire,3 + 1,"
                          125 m2
                        ",1. Kat,2 Yaşında,Kombi,3 Katlı,Uygun,Eşyalı Değil,1,Betonarme,Sıfır,Boş,,,Hayır,Güney,1.300 TL,Doğalgaz,Evet,Mamak,Hürel,355.000 TL
26491-3086,Dün,Satılık,Daire,3 + 1,"
                          140 m2
                        ",4. Kat,20 Yaşında,Kombi,4 Katlı,Uygun,Eşyalı Değil,1,Betonarme,İkinci El,Boş,Kat Mülkiyeti,50 TL,Hayır,"Doğu, Batı",2.000 TL,Doğalgaz,Evet,Altındağ,Hacettepe,420.000 TL
115748-137,Dün,Satılık,Daire,3 + 1,"
                          110 m2
                        ",Yüksek Giriş,25 Yaşında,Kombi,13 Katlı,Uygun,Eşyalı Değil,1,Betonarme,İkinci El,Boş,Kat Mülkiyeti,400 TL,Hayır,"Güney, Batı",1.500 TL,Doğalgaz,Evet,Keçiören,Etlik,265.000 TL
6431-758,Bugün,Satılık,Daire,3 + 1,"
                          110 m2
                        ",Kot 1,15 Yaşında,Kombi,3 Katlı,Uygun,Eşyalı Değil,1,Betonarme,İkinci El,Ev Sahibi Oturuyor,Kat Mülkiyeti,40 TL,Hayır,Batı,1.100 TL,Doğalgaz,Evet,Çankaya,Mürsel Uluç,230.000 TL
39997-4036,Bugün,Satılık,Daire,2 + 1,"
                          105 m2
                        ",Giriş Katı,20 Yaşında,Kombi,3 Katlı,Uygun,Eşyalı Değil,1,Betonarme,İkinci El,Kiracı Oturuyor,Kat Mülkiyeti,70 TL,Evet,"Kuzey, Doğu",2.000 TL,Doğalgaz,Evet,Çankaya,Ayrancı,390.000 TL
123094-127,Bugün,Satılık,Daire,2 + 1,"
                          95 m2
                        ",Giriş Katı,10 Yaşında,Kombi,3 Katlı,Uygun,Eşyalı Değil,1,Betonarme,İkinci El,Ev Sahibi Oturuyor,,,Hayır,Güney,800 TL,Doğalgaz,Evet,Mamak,Karaağaç,164.000 TL
16349-1144,Dün,Satılık,Daire,3 + 12,"
                          190 m2
                        ",3. Kat,Sıfır Bina,Kombi,3 Katlı,Uygun,Eşyalı Değil,2,Betonarme,Sıfır,Ev Sahibi Oturuyor,Kat Mülkiyeti,100 TL,Hayır,,3.500 TL,Doğalgaz,Evet,Çankaya,Kırkkonaklar,1.125.000 TL
8433-970,Dün,Satılık,Daire,3 + 1,"
                          120 m2
                        ",1. Kat,30 Yaşında,Merkezi,13 Katlı,Uygun,Eşyalı Değil,1,Betonarme,İkinci El,Boş,Kat Mülkiyeti,425 TL,Hayır,"Doğu, Batı",1.800 TL,Doğalgaz,Evet,Çankaya,Birlik,625.000 TL
19464-3069,Bugün,Satılık,Daire,4 + 1,"
                          190 m2
                        ",4. Kat,9 Yaşında,Kombi,4 Katlı,Uygun,Eşyalı Değil,2,Betonarme,İkinci El,Boş,Kat Mülkiyeti,,Hayır,"Güney, Doğu",4.000 TL,Doğalgaz,Evet,Çankaya,Akpınar,609.000 TL
46533-268,Bugün,Satılık,Daire,4 + 1,"
                          250 m2
                        ",2. Kat,Sıfır Bina,Kombi,2 Katlı,Uygun,Eşyalı Değil,3,Betonarme,Sıfır,Boş,Kat Mülkiyeti,50 TL,Hayır,"Kuzey, Doğu, Batı",2.500 TL,Doğalgaz,,Çankaya,Kırkkonaklar,875.000 TL
9785-735,Dün,Satılık,Müstakil Ev,4 + 2,"
                          250 m2
                        ",,20 Yaşında,Kombi,4 Katlı,Uygun,Eşyalı Değil,2,Betonarme,İkinci El,Ev Sahibi Oturuyor,Kat Mülkiyeti,340 TL,Hayır,"Kuzey, Güney",3.500 TL,Doğalgaz,Evet,Çankaya,Çayyolu,1.950.000 TL
3620-8761,Bugün,Satılık,Daire,4 + 1,"
                          205 m2
                        ",15. Kat,Sıfır Bina,Merkezi (Pay Ölçer),20 Katlı,Uygun,Eşyalı Değil,3,Betonarme,Sıfır,Boş,Kat Mülkiyeti,,Hayır,"Güney, Batı",7.000 TL,Doğalgaz,Evet,Çankaya,Çayyolu,2.150.000 TL
70180-3182,Bugün,Satılık,Daire,2 + 1,"
                          90 m2
                        ",Yüksek Giriş,2 Yaşında,Kombi,3 Katlı,Uygun,Eşyalı Değil,1,Betonarme,,,,50 TL,,,1.750 TL,Doğalgaz,Evet,Çankaya,Kırkkonaklar,310.000 TL
123987-88,Bugün,Satılık,Daire,3 + 1,"
                          135 m2
                        ",3. Kat,20 Yaşında,Kombi,5 Katlı,Uygun,Eşyalı Değil,1,Betonarme,İkinci El,Kiracı Oturuyor,Kat Mülkiyeti,,Hayır,"Güney, Doğu",1.000 TL,Doğalgaz,Evet,Sincan,Osmanlı,287.000 TL
121706-83,Dün,Satılık,Daire,4 + 1,"
                          175 m2
                        ",5. Kat,7 Yaşında,Merkezi (Pay Ölçer),10 Katlı,Uygun,Eşyalı Değil,2,Betonarme,İkinci El,Ev Sahibi Oturuyor,Kat Mülkiyeti,,Hayır,"Kuzey, Doğu, Batı",5.000 TL,Doğalgaz,Evet,Çankaya,Alacaatlı,1.350.000 TL
118304-545,Dün,Satılık,Daire,3 + 1,"
                          130 m2
                        ",3. Kat,10 Yaşında,Kombi,3 Katlı,Uygun,Eşyalı Değil,1,Betonarme,İkinci El,Boş,Kat Mülkiyeti,70 TL,Evet,"Kuzey, Güney, Doğu, Batı",2.000 TL,Doğalgaz,Evet,Keçiören,Yükseltepe,395.000 TL
114015-1861,Dün,Satılık,Daire,4 + 1,"
                          210 m2
                        ",4. Kat,Sıfır Bina,Merkezi (Pay Ölçer),21 Katlı,Uygun,Eşyalı Değil,2,Betonarme,Sıfır,Boş,Kat Mülkiyeti,,Hayır,"Güney, Doğu, Batı",5.000 TL,Doğalgaz,Evet,Çankaya,Alacaatlı,985.000 TL
122493-488,Dün,Satılık,Daire,4 + 1,"
                          253 m2
                        ",3. Kat,Sıfır Bina,Merkezi (Pay Ölçer),28 Katlı,Uygun değil,Eşyalı Değil,2,Betonarme,Sıfır,,,,,"Kuzey, Doğu",,Doğalgaz,,Etimesgut,Göksu,1.650.000 TL
82917-10247,Dün,Satılık,Daire,3 + 1,"
                          145 m2
                        ",Giriş Katı,Sıfır Bina,Kombi,9 Katlı,Uygun,Eşyalı Değil,2,Betonarme,Sıfır,Boş,Kat İrtifakı,,Hayır,"Güney, Doğu",1.000 TL,Doğalgaz,Evet,Sincan,Alcı,205.000 TL
2466-2246,Bugün,Satılık,Daire,6 + 1,"
                          420 m2
                        ",2. Kat,20 Yaşında,Kombi,3 Katlı,Uygun,Eşyalı Değil,3,Betonarme,İkinci El,Ev Sahibi Oturuyor,Kat Mülkiyeti,100 TL,,"Güney, Doğu, Batı",2.500 TL,Doğalgaz,,Çankaya,Gaziosmanpaşa,1.150.000 TL
19104-1491,Dün,Satılık,Bina,3 + 1,"
                          120 m2
                        ",,35 Yaşında,Kombi,3 Katlı,Uygun,Eşyalı Değil,1,Betonarme,İkinci El,Boş,Kat Mülkiyeti,50 TL,Hayır,Batı,1.000 TL,Doğalgaz,Evet,Keçiören,Aşağı Eğlence,265.000 TL
3704-10800,Bugün,Satılık,Daire,3 + 1,"
                          140 m2
                        ",2. Kat,9 Yaşında,Kombi,4 Katlı,Uygun,Eşyalı Değil,2,Betonarme,İkinci El,Ev Sahibi Oturuyor,Kat Mülkiyeti,80 TL,Hayır,"Güney, Batı",1.750 TL,Doğalgaz,Evet,Çankaya,Keklik Pınarı,475.000 TL
122088-127,Bugün,Satılık,Daire,3 + 1,"
                          130 m2
                        ",1. Kat,5 Yaşında,Kombi,3 Katlı,Uygun,Eşyalı Değil,1,Betonarme,İkinci El,Ev Sahibi Oturuyor,Kat Mülkiyeti,,Hayır,"Güney, Doğu",,Doğalgaz,Evet,Sincan,Mustafa Kemal,345.000 TL
0-37602218,Dün,Satılık,Daire,3 + 1,"
                          150 m2
                        ",1. Kat,Sıfır Bina,Kombi,4 Katlı,Bilinmiyor,Eşyalı Değil,2,Betonarme,Sıfır,Boş,Kat Mülkiyeti,,Hayır,Doğu,1.500 TL,Doğalgaz,,Altındağ,Doğantepe,485.000 TL
121379-112,Bugün,Satılık,Daire,3 + 1,"
                          125 m2
                        ",4. Kat,14 Yaşında,Kombi,4 Katlı,Uygun,Eşyalı Değil,1,Betonarme,İkinci El,Ev Sahibi Oturuyor,Kat Mülkiyeti,50 TL,Hayır,"Kuzey, Doğu",2.500 TL,Doğalgaz,Evet,Çankaya,Gökkuşağı,585.000 TL
5438-23005,Bugün,Satılık,Daire,3 + 1,"
                          135 m2
                        ",Yarı Bodrum,15 Yaşında,Kombi,3 Katlı,Uygun,Eşyalı Değil,1,Betonarme,İkinci El,Kiracı Oturuyor,Kat Mülkiyeti,,Hayır,"Güney, Batı",1.500 TL,Doğalgaz,Evet,Çankaya,Öveçler,247.000 TL
99750-435,Dün,Satılık,Daire,4 + 1,"
                          170 m2
                        ",3. Kat,35 Yaşında,Kombi,3 Katlı,Uygun,Eşyalı Değil,2,,,,,70 TL,,"Güney, Batı",,,,Çankaya,Umut,375.000 TL
7701-1770,Bugün,Satılık,Daire,2 + 1,"
                          95 m2
                        ",Giriş Katı,Sıfır Bina,Kombi,5 Katlı,Uygun,Eşyalı Değil,1,Betonarme,Sıfır,Boş,Kat Mülkiyeti,,Hayır,Batı,1.500 TL,Doğalgaz,Evet,Çankaya,Mürsel Uluç,330.000 TL
6391-3822,Bugün,Satılık,Daire,4 + 1,"
                          145 m2
                        ",4. Kat,35 Yaşında,Kombi,4 Katlı,Uygun,Eşyalı Değil,1,Betonarme,İkinci El,Boş,Kat Mülkiyeti,40 TL,Hayır,"Güney, Doğu",1.200 TL,Doğalgaz,Evet,Çankaya,Ertuğrulgazi,450.000 TL
122845-223,Dün,Satılık,Daire,4 + 1,"
                          130 m2
                        ",Kot 1,20 Yaşında,Kombi,3 Katlı,Uygun,Eşyalı Değil,1,Betonarme,,Ev Sahibi Oturuyor,,,,"Güney, Doğu",,Doğalgaz,Evet,Mamak,Aşık Veysel,239.000 TL
43014-2378,Bugün,Satılık,Villa,7 + 1,"
                          900 m2
                        ",,Sıfır Bina,Kombi,4 Katlı,Uygun,Eşyalı Değil,3,Sıfır,Boş,Kat Mülkiyeti,Hayır,,"Kuzey, Güney, Doğu, Batı",Angora ,,Evet,,Çankaya,Mutlukent,7.950.000 TL
9028-3651,Dün,Satılık,Daire,3 + 1,"
                          120 m2
                        ",En Üst Kat,12 Yaşında,Kombi,3 Katlı,Uygun,Eşyalı Değil,1,Betonarme,İkinci El,Ev Sahibi Oturuyor,Kat Mülkiyeti,50 TL,Evet,"Güney, Doğu",,Doğalgaz,Evet,Keçiören,Etlik,339.000 TL
53453-2190,Dün,Satılık,Daire,5 + 2,"
                          350 m2
                        ",3. Kat,6 Yaşında,Kombi,3 Katlı,Uygun,Eşyalı Değil,4,Betonarme,Sıfır,Boş,Kat Mülkiyeti,,Evet,"Güney, Doğu",2.500 TL,Doğalgaz,Evet,Çankaya,Mürsel Uluç,675.000 TL
5060-835,Bugün,Satılık,Daire,2 + 1,"
                          118 m2
                        ",4. Kat,10 Yaşında,Merkezi,4 Katlı,Uygun,Eşyalı,1,Betonarme,İkinci El,Boş,Kat Mülkiyeti,400 TL,Hayır,Güney,3.000 TL,Doğalgaz,Evet,Çankaya,Hilal,650.000 TL
47683-2037,Bugün,Satılık,Daire,3 + 1,"
                          150 m2
                        ",En Üst Kat,25 Yaşında,Kombi,3 Katlı,Uygun,Eşyalı Değil,1,Betonarme,İkinci El,Boş,Kat Mülkiyeti,25 TL,Hayır,Güney,900 TL,Doğalgaz,Evet,Mamak,Abidinpaşa,257.000 TL
76775-2228,Dün,Satılık,Daire,4 + 1,"
                          210 m2
                        ",5. Kat,20 Yaşında,Merkezi,10 Katlı,Uygun,Eşyalı Değil,2,Betonarme,İkinci El,Ev Sahibi Oturuyor,Kat Mülkiyeti,600 TL,Hayır,"Güney, Batı",,Doğalgaz,Evet,Çankaya,Yukarı Dikmen,1.245.000 TL
113577-22,Dün,Satılık,Daire,5 + 1,"
                          240 m2
                        ",Teras Katı,6 Yaşında,Kombi,4 Katlı,Uygun,Eşyalı Değil,2,Betonarme,İkinci El,Ev Sahibi Oturuyor,Kat Mülkiyeti,30 TL,Evet,Güney,1.000 TL,Doğalgaz,,Mamak,Akşemsettin,410.000 TL
22580-1989,Bugün,Satılık,Daire,3 + 1,"
                          115 m2
                        ",En Üst Kat,13 Yaşında,Kombi,3 Katlı,Uygun,Eşyalı Değil,1,Betonarme,İkinci El,Ev Sahibi Oturuyor,Kat Mülkiyeti,50 TL,Hayır,"Kuzey, Batı",1.000 TL,Doğalgaz,,Keçiören,Pınarbaşı,280.000 TL
0-37601719,Dün,Satılık,Daire,3 + 1,"
                          110 m2
                        ",2. Kat,Sıfır Bina,Merkezi (Pay Ölçer),3 Katlı,Bilinmiyor,Eşyalı Değil,1,Betonarme,Sıfır,Boş,Kat İrtifakı,,Hayır,,2.500 TL,Doğalgaz,,Çankaya,Kırkkonaklar,550.000 TL
39117-824,Bugün,Satılık,Daire,1 + 1,"
                          45 m2
                        ",1. Kat,Sıfır Bina,Kombi,2 Katlı,Uygun değil,Eşyalı Değil,1,Betonarme,Yapım Aşamasında,Belirtilmemiş,Kat İrtifakı,50 TL,Hayır,Güney,2.500 TL,Doğalgaz,Evet,Yenimahalle,Gazi,400.000 TL
61518-1018,Bugün,Satılık,Daire,4 + 1,"
                          190 m2
                        ",Zemin,Sıfır Bina,Kombi,13 Katlı,Uygun,Eşyalı Değil,2,Betonarme,Sıfır,Boş,Kat Mülkiyeti,20 TL,Evet,"Güney, Batı",1.500 TL,Doğalgaz,Evet,Polatlı,Şehitlik,470.000 TL
2703-18000,Bugün,Satılık,Daire,4 + 1,"
                          170 m2
                        ",8. Kat,4 Yaşında,Kombi,9 Katlı,Uygun,Eşyalı,2,Betonarme,İkinci El,Boş,Kat Mülkiyeti,,Hayır,"Kuzey, Doğu, Batı",,Doğalgaz,Evet,Pursaklar,Saray Cumhuriyet,645.000 TL
82146-14,Dün,Satılık,Daire,2 + 1,"
                          110 m2
                        ",Zemin,20 Yaşında,Kombi,3 Katlı,Uygun,Eşyalı Değil,1,Betonarme,İkinci El,Kiracı Oturuyor,Kat Mülkiyeti,30 TL,Evet,Güney,1.600 TL,Doğalgaz,Evet,Keçiören,Çiçekli,235.000 TL
114844-524,Dün,Satılık,Daire,4 + 1,"
                          190 m2
                        ",10. Kat,3 Yaşında,Merkezi (Pay Ölçer),11 Katlı,Uygun,Eşyalı Değil,2,Betonarme,İkinci El,Ev Sahibi Oturuyor,Kat Mülkiyeti,250 TL,Hayır,"Kuzey, Güney, Batı",3.750 TL,,,Etimesgut,Bağlıca,1.245.000 TL
4583-14698,Bugün,Satılık,Daire,3 + 1,"
                          105 m2
                        ",1. Kat,20 Yaşında,Kombi,3 Katlı,Uygun,Eşyalı Değil,1,Betonarme,İkinci El,Kiracı Oturuyor,Kat Mülkiyeti,30 TL,Hayır,"Güney, Batı",1.200 TL,Doğalgaz,,Çankaya,Keklik Pınarı,294.000 TL
118800-105,Bugün,Satılık,Daire,4 + 1,"
                          185 m2
                        ",5. Kat,6 Yaşında,Kombi,8 Katlı,Uygun,Eşyalı Değil,2,Betonarme,İkinci El,Kiracı Oturuyor,Kat Mülkiyeti,300 TL,Hayır,"Kuzey, Güney, Batı",3.000 TL,Doğalgaz,Evet,Gölbaşı,Seğmenler,885.000 TL
124835-8,Bugün,Satılık,Daire,2 + 1,"
                          125 m2
                        ",Kot 1,13 Yaşında,Kombi,3 Katlı,Uygun,Eşyalı Değil,1,Betonarme,İkinci El,Boş,,,Hayır,"Güney, Batı",1.000 TL,Doğalgaz,Evet,Keçiören,23 Nisan,210.000 TL
10943-2729,Dün,Satılık,Daire,3 + 1,"
                          130 m2
                        ",Ara Kat,3 Yaşında,Kombi,3 Katlı,Uygun,Eşyalı Değil,1,Betonarme,Sıfır,Boş,Kat Mülkiyeti,50 TL,Hayır,"Güney, Batı",2.300 TL,Doğalgaz,Evet,Çankaya,Kırkkonaklar,475.000 TL
114427-268,Bugün,Satılık,Daire,3 + 1,"
                          150 m2
                        ",1. Kat,5 Yaşında,Kombi,2 Katlı,Uygun,Eşyalı Değil,1,Betonarme,İkinci El,Ev Sahibi Oturuyor,Kat Mülkiyeti,30 TL,Hayır,"Güney, Batı",1.600 TL,Doğalgaz,,Etimesgut,İstasyon,555.000 TL
123851-22,Dün,Satılık,Daire,4 + 1,"
                          165 m2
                        ",1. Kat,15 Yaşında,Kombi,3 Katlı,Uygun,Eşyalı Değil,2,Betonarme,İkinci El,Ev Sahibi Oturuyor,Kat Mülkiyeti,,Hayır,"Güney, Batı",,Doğalgaz,,Keçiören,Şefkat,692.000 TL
33815-1758,Bugün,Satılık,Daire,2 + 1,"
                          75 m2
                        ",1. Kat,6 Yaşında,Merkezi (Pay Ölçer),9 Katlı,Uygun değil,Eşyalı Değil,1,Betonarme,İkinci El,Kiracı Oturuyor,Kat Mülkiyeti,200 TL,Hayır,"Güney, Doğu",2.250 TL,Doğalgaz,Evet,Çankaya,Yaşamkent,600.000 TL
124438-50,Bugün,Satılık,Daire,3 + 1,"
                          115 m2
                        ",4. Kat,17 Yaşında,Kombi,4 Katlı,Uygun,Eşyalı Değil,1,Betonarme,İkinci El,Ev Sahibi Oturuyor,Kat Mülkiyeti,50 TL,Evet,"Güney, Doğu, Batı",1.100 TL,Doğalgaz,Evet,Mamak,General Zeki Doğan,240.000 TL
22997-588,Dün,Satılık,Daire,4 + 1,"
                          175 m2
                        ",17. Kat,3 Yaşında,Kombi,20 Katlı,Uygun,Eşyalı Değil,2,Betonarme,Sıfır,Boş,Kat Mülkiyeti,400 TL,Hayır,Güney,2.500 TL,Doğalgaz,Evet,Çankaya,Kırkkonaklar,850.000 TL
114841-570,Dün,Satılık,Daire,4 + 1,"
                          200 m2
                        ",7. Kat,4 Yaşında,Merkezi (Pay Ölçer),19 Katlı,Uygun,Eşyalı Değil,2,Betonarme,İkinci El,Ev Sahibi Oturuyor,,250 TL,Hayır,"Güney, Batı",,Doğalgaz,,Etimesgut,Bağlıca,949.000 TL
14936-1933,Dün,Satılık,Daire,3 + 1,"
                          125 m2
                        ",3. Kat,19 Yaşında,Kombi,5 Katlı,Uygun,Eşyalı Değil,1,Betonarme,İkinci El,Boş,Kat Mülkiyeti,130 TL,Hayır,"Doğu, Batı",1.500 TL,Doğalgaz,Evet,Yenimahalle,Susuz,350.000 TL
5422-2124,Bugün,Satılık,Daire,3 + 1,"
                          140 m2
                        ",4. Kat,12 Yaşında,Kombi,4 Katlı,Uygun,Eşyalı Değil,1,Betonarme,İkinci El,Ev Sahibi Oturuyor,Kat Mülkiyeti,60 TL,Hayır,"Güney, Batı",2.500 TL,Doğalgaz,,Çankaya,Ata,665.000 TL
65431-8414,Dün,Satılık,Daire,4 + 1,"
                          200 m2
                        ",1. Kat,Sıfır Bina,Merkezi (Pay Ölçer),15 Katlı,Uygun,Eşyalı Değil,2,Betonarme,Sıfır,Boş,,,,,,Doğalgaz,,Pursaklar,Mimar Sinan,730.000 TL
13199-5823,Dün,Satılık,Villa,2 + 1,"
                          708 m2
                        ",,Sıfır Bina,Kombi,2 Katlı,Uygun,Eşyalı Değil,1,Betonarme,Sıfır,Boş,Kat Mülkiyeti,,Evet,Doğu,,Doğalgaz,,Yenimahalle,İvedik OSB,850.000 TL
96259-315,Dün,Satılık,Daire,3 + 1,"
                          130 m2
                        ",Giriş Katı,20 Yaşında,Kombi,6 Katlı,Uygun,Eşyalı Değil,1,Kagir,İkinci El,Boş,Kat Mülkiyeti,20 TL,Evet,"Güney, Batı",800 TL,Doğalgaz,Evet,Yenimahalle,Demetlale,165.000 TL
47846-1374,Bugün,Satılık,Daire,3 + 1,"
                          135 m2
                        ",4. Kat,Sıfır Bina,Kombi,4 Katlı,Uygun,Eşyalı Değil,1,Betonarme,Sıfır,Boş,Kat Mülkiyeti,30 TL,Hayır,"Kuzey, Güney, Doğu, Batı",1.000 TL,Doğalgaz,Evet,Sincan,Mareşal Çakmak,475.000 TL
25673-6356,Bugün,Satılık,Daire,3 + 1,"
                          125 m2
                        ",3. Kat,Sıfır Bina,Kombi,3 Katlı,Uygun,Eşyalı Değil,1,Betonarme,Sıfır,Boş,,35 TL,Hayır,"Güney, Doğu",,Doğalgaz,Evet,Mamak,Mutlu,379.000 TL
56007-2568,Bugün,Satılık,Daire,3 + 1,"
                          110 m2
                        ",1. Kat,30 Yaşında,Kombi,3 Katlı,Uygun,Eşyalı Değil,1,,,Boş,,50 TL,,"Güney, Doğu",2.300 TL,,,Çankaya,Güzeltepe,540.000 TL
692609-4147,Bugün,Satılık,Daire,3 + 1,"
                          126 m2
                        ",7. Kat,Sıfır Bina,Merkezi (Pay Ölçer),7 Katlı,Uygun,Eşyalı Değil,2,Betonarme,Sıfır,Boş,,,Hayır,Doğu,3.000 TL,Doğalgaz,Evet,Etimesgut,Eryaman,830.000 TL
1955-6369,Bugün,Satılık,Daire,3 + 1,"
                          100 m2
                        ",1. Kat,20 Yaşında,Kombi,3 Katlı,Uygun,Eşyalı Değil,1,Betonarme,İkinci El,Kat Mülkiyeti,30 TL,Hayır,"Güney, Doğu",900 TL,Doğalgaz,Evet,,Keçiören,İncirli,249.000 TL
122655-199,Bugün,Satılık,Daire,3 + 1,"
                          120 m2
                        ",1. Kat,Sıfır Bina,Kombi,3 Katlı,Uygun,Eşyalı Değil,1,Betonarme,Sıfır,Boş,Kat Mülkiyeti,50 TL,Hayır,"Güney, Doğu, Batı",1.200 TL,Doğalgaz,Evet,Altındağ,Beşikkaya,305.000 TL
4209-1966,Bugün,Satılık,Daire,3 + 1,"
                          130 m2
                        ",2. Kat,35 Yaşında,Merkezi,3 Katlı,Uygun,Eşyalı Değil,1,Betonarme,İkinci El,Boş,Kat Mülkiyeti,250 TL,Hayır,"Güney, Doğu",2.200 TL,Doğalgaz,Evet,Çankaya,Emek,560.000 TL
122071-84,Dün,Satılık,Daire,5 + 1,"
                          260 m2
                        ",Teras Katı,6 Yaşında,Merkezi,11 Katlı,Uygun,Eşyalı Değil,3,Betonarme,İkinci El,Boş,Kat Mülkiyeti,100 TL,Evet,"Güney, Batı",2.500 TL,Doğalgaz,Evet,Mamak,Cengizhan,430.000 TL
124319-33,Dün,Satılık,Daire,3 + 1,"
                          140 m2
                        ",1. Kat,8 Yaşında,Kombi,5 Katlı,Uygun,Eşyalı Değil,1,Betonarme,İkinci El,,Kat Mülkiyeti,,Evet,Güney,2.000 TL,Doğalgaz,Evet,Etimesgut,Elvan,375 TL
7388-2419,Bugün,Satılık,Daire,4 + 1,"
                          200 m2
                        ",8. Kat,23 Yaşında,Kombi,10 Katlı,Uygun,Eşyalı Değil,2,Betonarme,İkinci El,Kiracı Oturuyor,Kat Mülkiyeti,200 TL,Hayır,"Güney, Batı",4.000 TL,Doğalgaz,Evet,Çankaya,İşçi Blokları,1.200.000 TL
67369-2872,Dün,Satılık,Daire,4 + 1,"
                          210 m2
                        ",8. Kat,Sıfır Bina,Kombi,16 Katlı,Uygun,Eşyalı Değil,2,Betonarme,Sıfır,Boş,Kat Mülkiyeti,100 TL,Evet,"Kuzey, Güney, Doğu, Batı",2.500 TL,Doğalgaz,Evet,Pursaklar,Mimar Sinan,750.000 TL
114804-1915,Bugün,Satılık,Daire,4 + 1,"
                          230 m2
                        ",3. Kat,Sıfır Bina,Kombi,3 Katlı,Uygun,Eşyalı Değil,1,Betonarme,İkinci El,Boş,Kat Mülkiyeti,50 TL,Evet,"Kuzey, Doğu",1.200 TL,Doğalgaz,Evet,Mamak,Mutlu,400.000 TL
69919-793,Bugün,Satılık,Daire,3 + 1,"
                          140 m2
                        ",1. Kat,6 Yaşında,Kombi,3 Katlı,Uygun,Eşyalı Değil,1,Betonarme,İkinci El,Boş,Kat Mülkiyeti,40 TL,Hayır,"Doğu, Batı",1.300 TL,Doğalgaz,Evet,Mamak,Akşemsettin,325.000 TL
56352-1512,Bugün,Satılık,Daire,3 + 1,"
                          120 m2
                        ",2. Kat,30 Yaşında,Kombi,2 Katlı,Uygun,Eşyalı Değil,1,Betonarme,İkinci El,Ev Sahibi Oturuyor,Kat Mülkiyeti,20 TL,Hayır,Güney,1.000 TL,Doğalgaz,,Altındağ,Güneşevler,360.000 TL
46555-7844,Dün,Satılık,Daire,3 + 1,"
                          130 m2
                        ",2. Kat,7 Yaşında,Kombi,4 Katlı,Uygun,Eşyalı Değil,1,Betonarme,İkinci El,Ev Sahibi Oturuyor,Kat Mülkiyeti,50 TL,Hayır,"Kuzey, Güney, Doğu",1.500 TL,Doğalgaz,Evet,Etimesgut,Topçu,450.000 TL
110843-605,Dün,Satılık,Daire,2 + 1,"
                          100 m2
                        ",1. Kat,31 Yaşında,Kombi,7 Katlı,Uygun,Eşyalı Değil,2,Betonarme,İkinci El,Boş,,40 TL,Hayır,Batı,1.700 TL,Doğalgaz,Evet,Yenimahalle,Demetgül,204.000 TL
116060-266,Dün,Satılık,Daire,2 + 1,"
                          95 m2
                        ",2. Kat,6 Yaşında,Kombi,3 Katlı,Uygun,Eşyalı Değil,1,Betonarme,İkinci El,Kiracı Oturuyor,Kat Mülkiyeti,20 TL,Evet,"Kuzey, Güney, Doğu",1.000 TL,Doğalgaz,Evet,Etimesgut,Şeker,312.000 TL
120352-207,Bugün,Satılık,Daire,4 + 2,"
                          400 m2
                        ",6. Kat,16 Yaşında,Kombi,6 Katlı,Uygun,Eşyalı Değil,3,Betonarme,İkinci El,Ev Sahibi Oturuyor,Kat Mülkiyeti,300 TL,Hayır,"Güney, Batı",3.000 TL,Doğalgaz,Evet,Çankaya,Kırkkonaklar,1.150.000 TL
1124-5209,Bugün,Satılık,Daire,4 + 1,"
                          200 m2
                        ",3. Kat,20 Yaşında,Kombi,3 Katlı,Uygun,Eşyalı Değil,2,Betonarme,İkinci El,Boş,Kat Mülkiyeti,,Hayır,"Güney, Batı",4.000 TL,Doğalgaz,Evet,Çankaya,Yukarı Bahçelievler,1.650.000 TL
45607-1670,Dün,Satılık,Daire,2 + 1,"
                          95 m2
                        ",5. Kat,9 Yaşında,Merkezi,12 Katlı,Uygun,Eşyalı,1,Betonarme,İkinci El,Boş,Kat Mülkiyeti,130 TL,Hayır,"Kuzey, Batı",1.200 TL,Doğalgaz,Evet,Etimesgut,Turkuaz,135.000 TL
6453-2554,Dün,Satılık,Daire,2 + 1,"
                          150 m2
                        ",4. Kat,Sıfır Bina,Kombi,5 Katlı,Uygun,Eşyalı Değil,2,Betonarme,Sıfır,Boş,Kat Mülkiyeti,50 TL,Hayır,"Güney, Doğu",3.000 TL,Doğalgaz,Evet,Çankaya,Kavaklıdere,860.000 TL
13712-2026,Dün,Satılık,Daire,3 + 1,"
                          100 m2
                        ",1. Kat,50 Yaşında,Merkezi,5 Katlı,Uygun,Eşyalı Değil,1,Betonarme,İkinci El,Boş,Kat Mülkiyeti,500 TL,Hayır,"Güney, Batı",2.000 TL,Doğalgaz,Evet,Çankaya,Güzeltepe,820.000 TL
21685-2018,Dün,Satılık,Daire,3 + 1,"
                          120 m2
                        ",5. Kat,18 Yaşında,Kombi,5 Katlı,Uygun,Eşyalı Değil,1,Betonarme,İkinci El,Kiracı Oturuyor,Kat Mülkiyeti,120 TL,Hayır,"Güney, Doğu",1.500 TL,Doğalgaz,Evet,Etimesgut,Güzelkent,385.000 TL
27590-3967,Dün,Satılık,Daire,3 + 1,"
                          145 m2
                        ",1. Kat,12 Yaşında,Kombi,4 Katlı,Uygun,Eşyalı Değil,1,,İkinci El,Ev Sahibi Oturuyor,Kat Mülkiyeti,70 TL,Hayır,"Güney, Batı",1.700 TL,Doğalgaz,Evet,Çankaya,Karapınar,515.000 TL
78275-991,Dün,Satılık,Müstakil Ev,4 + 1,"
                          250 m2
                        ",,30 Yaşında,Kombi,3 Katlı,Uygun,Eşyalı Değil,1,Betonarme,İkinci El,Ev Sahibi Oturuyor,Kat Mülkiyeti,,Evet,"Kuzey, Güney, Doğu, Batı",3.000 TL,Doğalgaz,,Yenimahalle,İlkyerleşim,985.000 TL
94790-691,Dün,Satılık,Daire,4 + 2,"
                          465 m2
                        ",Giriş Katı,18 Yaşında,Merkezi,12 Katlı,Uygun,Eşyalı Değil,4,Betonarme,İkinci El,Belirtilmemiş,Kat Mülkiyeti,1.435 TL,Hayır,"Güney, Doğu, Batı",12 TL,Doğalgaz,Evet,Çankaya,Yukarı Dikmen,4.800.000 TL
123854-24,Bugün,Satılık,Daire,4 + 1,"
                          262 m2
                        ",Yüksek Giriş,Sıfır Bina,Merkezi,9 Katlı,Uygun,Eşyalı Değil,2,Betonarme,Sıfır,Boş,Kat İrtifakı,,Evet,"Kuzey, Güney, Doğu, Batı",,Doğalgaz,Evet,Etimesgut,Bağlıca,1.249.000 TL
2252-565,Bugün,Satılık,Villa,10 + 2,"
                          680 m2
                        ",,17 Yaşında,Kombi,2 Katlı,Uygun,Eşyalı Değil,7,Betonarme,İkinci El,Boş,Kat Mülkiyeti,,Hayır,"Güney, Doğu, Batı",30.000 TL,Doğalgaz,Evet,Gölbaşı,İncek,10.250.000 TL
1754-1685,Bugün,Satılık,Daire,4 + 1,"
                          185 m2
                        ",2. Kat,5 Yaşında,Merkezi (Pay Ölçer),12 Katlı,Uygun,Eşyalı Değil,2,Betonarme,İkinci El,Kiracı Oturuyor,,150 TL,Hayır,,,Doğalgaz,Evet,Etimesgut,Bağlıca,885.000 TL
25058-636,Dün,Satılık,Daire,3 + 1,"
                          140 m2
                        ",2. Kat,15 Yaşında,Kombi,4 Katlı,Uygun,Eşyalı Değil,1,Betonarme,İkinci El,Boş,Kat Mülkiyeti,,Hayır,,1.800 TL,Doğalgaz,Evet,Çankaya,Keklik Pınarı,480.000 TL
2430-8925,Dün,Satılık,Daire,4 + 150,"
                          275 m2
                        ",3. Kat,9 Yaşında,Kombi,3 Katlı,Uygun,Eşyalı Değil,3,Betonarme,İkinci El,Boş,Kat Mülkiyeti,150 TL,Hayır,"Güney, Doğu, Batı",4.500 TL,Doğalgaz,Evet,Çankaya,Birlik,1.195.000 TL
64802-4538,Dün,Satılık,Villa,5 + 2,"
                          1.250 m2
                        ",,15 Yaşında,Kombi,4 Katlı,Uygun,Eşyalı Değil,6,Betonarme,İkinci El,Boş,,,Hayır,Güney,,Doğalgaz,,Çankaya,Üniversiteler,21.000.000 TL
56708-885,Dün,Satılık,Daire,1 + 1,"
                          68 m2
                        ",7. Kat,3 Yaşında,Merkezi (Pay Ölçer),24 Katlı,Uygun,Eşyalı Değil,1,Betonarme,İkinci El,Kiracı Oturuyor,Kat Mülkiyeti,250 TL,Hayır,"Kuzey, Güney, Doğu, Batı",,Doğalgaz,Evet,Gölbaşı,Kızılcaşar,620.000 TL
4744-10341,Dün,Satılık,Daire,3 + 1,"
                          165 m2
                        ",Yüksek Giriş,20 Yaşında,Merkezi,4 Katlı,Uygun,Eşyalı Değil,2,Betonarme,İkinci El,Kiracı Oturuyor,Kat Mülkiyeti,,Evet,Güney,,Doğalgaz,Evet,Çankaya,Ümit,850.000 TL
10249-3277,Dün,Satılık,Daire,2 + 1,"
                          110 m2
                        ",Kot 1,20 Yaşında,Kombi,4 Katlı,Uygun,Eşyalı,1,Betonarme,İkinci El,Boş,Kat Mülkiyeti,50 TL,Evet,"Güney, Doğu, Batı",1.800 TL,Doğalgaz,Evet,Çankaya,Öveçler,155.000 TL
123492-7,Dün,Satılık,Villa,4 + 1,"
                          371 m2
                        ",,Sıfır Bina,Kombi,2 Katlı,Uygun,Eşyalı Değil,2,Betonarme,Sıfır,Boş,Kat Mülkiyeti,,Evet,"Kuzey, Güney, Doğu, Batı",10.000 TL,Doğalgaz,Evet,Çankaya,Beytepe,2.199.000 TL
44716-7021,Bugün,Satılık,Daire,3 + 1,"
                          150 m2
                        ",14. Kat,Sıfır Bina,Kombi,14 Katlı,Uygun,Eşyalı Değil,2,Betonarme,Sıfır,Boş,,,Hayır,Güney,,Doğalgaz,Evet,Mamak,Akşemsettin,550.000 TL
3493-26434,Bugün,Satılık,Daire,3 + 1,"
                          125 m2
                        ",2. Kat,25 Yaşında,Kombi,3 Katlı,Uygun,Eşyalı Değil,1,Betonarme,İkinci El,Boş,Kat Mülkiyeti,50 TL,Hayır,Güney,2.000 TL,Doğalgaz,Evet,Çankaya,Harbiye,389.000 TL
3204-717,Dün,Satılık,Villa,4 + 2,"
                          300 m2
                        ",,10 Yaşında,Kombi,4 Katlı,Uygun,Eşyalı Değil,3,Betonarme,İkinci El,Ev Sahibi Oturuyor,Kat Mülkiyeti,10 TL,Hayır,"Kuzey, Doğu, Batı",5.000 TL,Doğalgaz,Evet,Çankaya,Prof. Dr. Ahmet Taner Kışlalı,1.750.000 TL
14072-11591,Bugün,Satılık,Daire,3 + 1,"
                          130 m2
                        ",1. Kat,26 Yaşında,Merkezi,3 Katlı,Uygun,Eşyalı Değil,1,Betonarme,Sıfır,Boş,Kat Mülkiyeti,300 TL,Evet,Doğu,2.250 TL,Doğalgaz,Evet,Çankaya,İlkadım,645.000 TL
12890-5039,Bugün,Satılık,Daire,2 + 1,"
                          90 m2
                        ",Kot 1,8 Yaşında,Kombi,3 Katlı,Uygun,Eşyalı Değil,1,Betonarme,İkinci El,Boş,Kat Mülkiyeti,25 TL,Hayır,"Güney, Batı",800 TL,Doğalgaz,,Etimesgut,Piyade,159.000 TL
121699-184,Bugün,Satılık,Daire,3 + 1,"
                          135 m2
                        ",2. Kat,9 Yaşında,Kombi,3 Katlı,Uygun,Eşyalı Değil,1,Betonarme,İkinci El,Ev Sahibi Oturuyor,Kat Mülkiyeti,,Evet,"Kuzey, Güney, Doğu, Batı",,Doğalgaz,Evet,Keçiören,Ayvalı,339.000 TL
3483-3867,Bugün,Satılık,Daire,3 + 1,"
                          125 m2
                        ",Yüksek Giriş,22 Yaşında,Kombi,3 Katlı,Uygun,Eşyalı Değil,1,Betonarme,Sıfır,Boş,Kat Mülkiyeti,35 TL,Evet,"Güney, Doğu",2.250 TL,Doğalgaz,Evet,Çankaya,Harbiye,469.000 TL
16354-21148,Bugün,Satılık,Daire,3 + 1,"
                          170 m2
                        ",15. Kat,4 Yaşında,Merkezi (Pay Ölçer),16 Katlı,Uygun,Eşyalı Değil,2,Betonarme,İkinci El,Ev Sahibi Oturuyor,Kat Mülkiyeti,,Evet,"Kuzey, Güney, Doğu, Batı",,Doğalgaz,Evet,Yenimahalle,Pamuklar,675.000 TL
91527-9453,Bugün,Satılık,Daire,3 + 1,"
                          120 m2
                        ",2. Kat,25 Yaşında,Kombi,3 Katlı,Uygun,Eşyalı Değil,1,Betonarme,İkinci El,Kiracı Oturuyor,Kat Mülkiyeti,40 TL,Hayır,"Güney, Batı",1.500 TL,Doğalgaz,Evet,Çankaya,İlkadım,325.000 TL
692546-1320,Bugün,Satılık,Daire,3 + 1,"
                          115 m2
                        ",3. Kat,16 Yaşında,Kombi,3 Katlı,Uygun,Eşyalı Değil,1,Betonarme,İkinci El,Ev Sahibi Oturuyor,,,Hayır,"Güney, Doğu",,Doğalgaz,Evet,Mamak,General Zeki Doğan,265.000 TL
16761-28733,Bugün,Satılık,Daire,3 + 1,"
                          125 m2
                        ",3. Kat,22 Yaşında,Kombi,3 Katlı,Uygun,Eşyalı Değil,2,Betonarme,Sıfır,Boş,Kat Mülkiyeti,35 TL,Evet,"Güney, Doğu",2.250 TL,Doğalgaz,Evet,Çankaya,Naci Çakır,530.000 TL
17811-7286,Bugün,Satılık,Daire,3 + 1,"
                          135 m2
                        ",1. Kat,23 Yaşında,Kombi,3 Katlı,Uygun,Eşyalı Değil,2,Betonarme,İkinci El,Kiracı Oturuyor,Kat Mülkiyeti,40 TL,Hayır,"Kuzey, Güney, Doğu",1.500 TL,Doğalgaz,Evet,Çankaya,Huzur,450.000 TL
31522-12668,Bugün,Satılık,Daire,3 + 1,"
                          110 m2
                        ",Giriş Katı,30 Yaşında,Kombi,3 Katlı,Uygun,Eşyalı Değil,1,Betonarme,İkinci El,Boş,Kat Mülkiyeti,50 TL,Evet,"Güney, Doğu",1.000 TL,Doğalgaz,Evet,Keçiören,Aşağı Eğlence,285.000 TL
114417-70,Dün,Satılık,Daire,5 + 1,"
                          270 m2
                        ",Teras Katı,15 Yaşında,Kombi,4 Katlı,Uygun,Eşyalı Değil,2,Betonarme,İkinci El,Ev Sahibi Oturuyor,Kat Mülkiyeti,,Hayır,"Kuzey, Doğu",,Doğalgaz,Evet,Etimesgut,Elvan,348.000 TL
10144-6252,Dün,Satılık,Daire,4 + 1,"
                          210 m2
                        ",2. Kat,16 Yaşında,Merkezi,8 Katlı,Uygun,Eşyalı Değil,2,Betonarme,İkinci El,Ev Sahibi Oturuyor,Kat Mülkiyeti,1.000 TL,Hayır,Doğu,,Doğalgaz,Evet,Çankaya,Koru,1.765.000 TL
102781-418,Bugün,Satılık,Daire,3 + 1,"
                          120 m2
                        ",2. Kat,25 Yaşında,Kombi,4 Katlı,Uygun,Eşyalı Değil,1,Betonarme,İkinci El,Kiracı Oturuyor,Kat Mülkiyeti,40 TL,Evet,"Güney, Doğu, Batı",900 TL,Doğalgaz,Evet,Sincan,Mareşal Çakmak,169.500 TL
41980-1430,Dün,Satılık,Daire,3 + 1,"
                          155 m2
                        ",1. Kat,8 Yaşında,Kombi,10 Katlı,Uygun,Eşyalı Değil,1,Betonarme,İkinci El,Boş,Kat İrtifakı,150 TL,Hayır,"Güney, Batı",2.000 TL,Doğalgaz,Evet,Yenimahalle,Turgut Özal,540.000 TL
30001-6756,Dün,Satılık,Villa,4 + 1,"
                          250 m2
                        ",,13 Yaşında,Kombi,2 Katlı,Uygun,Eşyalı Değil,3,Betonarme,İkinci El,Ev Sahibi Oturuyor,Kat Mülkiyeti,750 TL,Hayır,Güney,9.000 TL,Doğalgaz,Evet,Gölbaşı,Ballıkpınar,2.499.000 TL
6792-3516,Bugün,Satılık,Daire,3 + 1,"
                          155 m2
                        ",3. Kat,Sıfır Bina,Kombi,3 Katlı,Uygun,Eşyalı Değil,2,Betonarme,Sıfır,Boş,Kat Mülkiyeti,100 TL,Hayır,,4.500 TL,Doğalgaz,Evet,Çankaya,Bahçelievler,1.275.000 TL
26775-2028,Bugün,Satılık,Daire,4 + 1,"
                          145 m2
                        ",Kot 1,20 Yaşında,Kombi,3 Katlı,Uygun,Eşyalı Değil,2,Betonarme,İkinci El,Boş,Kat Mülkiyeti,30 TL,Hayır,"Kuzey, Doğu, Batı",1.400 TL,Doğalgaz,,Çankaya,Naci Çakır,229.000 TL
41304-2500,Bugün,Satılık,Daire,3 + 1,"
                          115 m2
                        ",1. Kat,30 Yaşında,Kombi,3 Katlı,Uygun,Eşyalı Değil,1,Betonarme,İkinci El,Boş,Kat Mülkiyeti,50 TL,Hayır,,,Doğalgaz,Evet,Çankaya,Emek,525.000 TL
42663-3428,Bugün,Satılık,Daire,3 + 1,"
                          120 m2
                        ",3. Kat,Sıfır Bina,Kombi,4 Katlı,Uygun,Eşyalı Değil,1,Betonarme,Sıfır,Boş,Kat Mülkiyeti,150 TL,Hayır,"Güney, Doğu",3.000 TL,Doğalgaz,,Çankaya,Aziziye,880.000 TL
120611-93,Dün,Satılık,Daire,3 + 1,"
                          145 m2
                        ",3. Kat,Sıfır Bina,Kombi,4 Katlı,Uygun,Eşyalı Değil,2,Betonarme,Sıfır,Boş,Kat Mülkiyeti,30 TL,Hayır,"Kuzey, Doğu, Batı",1.500 TL,Doğalgaz,Evet,Sincan,Menderes,455.000 TL
72190-1203,Bugün,Satılık,Daire,4 + 1,"
                          160 m2
                        ",2. Kat,10 Yaşında,Kombi,6 Katlı,Uygun,Eşyalı Değil,1,Betonarme,,Boş,Kat Mülkiyeti,50 TL,,Batı,1.700 TL,Doğalgaz,Evet,Çankaya,Aşıkpaşa,545.000 TL
64542-12908,Bugün,Satılık,Daire,3 + 1,"
                          145 m2
                        ",2. Kat,Sıfır Bina,Kombi,4 Katlı,Uygun,Eşyalı Değil,1,Betonarme,Sıfır,Boş,Kat İrtifakı,50 TL,Hayır,"Güney, Doğu",1.300 TL,Doğalgaz,Evet,Keçiören,Yükseltepe,419.000 TL
124737-39,Dün,Satılık,Daire,4 + 1,"
                          170 m2
                        ",2. Kat,3 Yaşında,Merkezi,10 Katlı,Uygun,Eşyalı Değil,2,Betonarme,İkinci El,Boş,Kat Mülkiyeti,80 TL,Evet,"Kuzey, Batı",2.000 TL,Doğalgaz,Evet,Sincan,Menderes,615.000 TL
4901-2435,Dün,Satılık,Daire,6 + 2,"
                          320 m2
                        ",3. Kat,11 Yaşında,Kombi,3 Katlı,Uygun,Eşyalı Değil,2,Betonarme,İkinci El,Belirtilmemiş,Kat Mülkiyeti,50 TL,Evet,"Kuzey, Güney, Doğu, Batı",2.000 TL,Doğalgaz,Evet,Keçiören,Ayvalı,429.000 TL
4180-8380,Dün,Satılık,Daire,3 + 1,"
                          150 m2
                        ",4. Kat,13 Yaşında,Kombi,4 Katlı,Uygun,Eşyalı Değil,1,Betonarme,İkinci El,Boş,Kat Mülkiyeti,50 TL,Evet,"Güney, Doğu",3.000 TL,Doğalgaz,Evet,Çankaya,Şehit Cengiz Karaca,720.000 TL
67191-2799,Dün,Satılık,Daire,4 + 1,"
                          200 m2
                        ",Yüksek Giriş,9 Yaşında,Merkezi (Pay Ölçer),16 Katlı,Uygun,Eşyalı Değil,2,Betonarme,İkinci El,Ev Sahibi Oturuyor,Kat Mülkiyeti,350 TL,Hayır,"Güney, Doğu, Batı",3.500 TL,Doğalgaz,Evet,Etimesgut,Eryaman,849.000 TL
0-37600172,Dün,Satılık,Daire,4 + 1,"
                          135 m2
                        ",Ara Kat,30 Yaşında,Kombi,8 Katlı,Bilinmiyor,Eşyalı Değil,1,Betonarme,İkinci El,Ev Sahibi Oturuyor,Kat Mülkiyeti,50 TL,Hayır,"Doğu, Batı",1.350 TL,Doğalgaz,,Yenimahalle,Demetevler,500.000 TL
0-37598456,Dün,Satılık,Daire,2 + 1,"
                          110 m2
                        ",3. Kat,25 Yaşında,Merkezi,3 Katlı,Uygun,Eşyalı Değil,1,Betonarme,İkinci El,Boş,Kat Mülkiyeti,280 TL,Evet,Batı,1.750 TL,Doğalgaz,,Çankaya,Aşağı Öveçler,339.000 TL
121320-174,Dün,Satılık,Daire,3 + 2,"
                          205 m2
                        ",Villa Katı,32 Yaşında,Kombi,3 Katlı,Uygun,Eşyalı Değil,2,Betonarme,İkinci El,Ev Sahibi Oturuyor,Kat Mülkiyeti,,Evet,"Güney, Doğu, Batı",3.500 TL,Doğalgaz,Evet,Yenimahalle,Uğur Mumcu,845.000 TL
1181-12299,Dün,Satılık,Daire,3 + 1,"
                          135 m2
                        ",1. Kat,15 Yaşında,Kombi,4 Katlı,Uygun,Eşyalı Değil,2,Betonarme,İkinci El,Kiracı Oturuyor,Kat Mülkiyeti,100 TL,Evet,"Kuzey, Batı",1.600 TL,Doğalgaz,Evet,Çankaya,Karapınar,492.000 TL
123092-79,Dün,Satılık,Daire,6 + 2,"
                          420 m2
                        ",14. Kat,Sıfır Bina,Kombi,14 Katlı,Uygun,Eşyalı Değil,4,Betonarme,Sıfır,Boş,Kat Mülkiyeti,125 TL,Hayır,"Doğu, Batı",4.500 TL,Doğalgaz,Evet,Mamak,Ege,1.400.000 TL
53138-8632,Dün,Satılık,Daire,3 + 1,"
                          125 m2
                        ",1. Kat,Sıfır Bina,Kombi,3 Katlı,Uygun,Eşyalı Değil,1,Betonarme,Sıfır,Boş,Kat Mülkiyeti,1 TL,Evet,"Kuzey, Güney, Doğu, Batı",1 TL,Doğalgaz,Evet,Mamak,Mutlu,310.000 TL
6666-2582,Dün,Satılık,Daire,1 + 1,"
                          60 m2
                        ",7. Kat,15 Yaşında,Merkezi (Pay Ölçer),12 Katlı,Uygun,Eşyalı,1,Betonarme,İkinci El,Boş,Kat Mülkiyeti,190 TL,Hayır,"Kuzey, Batı",1.900 TL,Doğalgaz,Evet,Etimesgut,Şehit Osman Avcı,345.000 TL
65739-16867,Dün,Satılık,Daire,2 + 1,"
                          130 m2
                        ",3. Kat,5 Yaşında,Kombi,3 Katlı,Uygun,Eşyalı Değil,1,Betonarme,İkinci El,Boş,Kat Mülkiyeti,,Hayır,"Güney, Batı",1.200 TL,Doğalgaz,Evet,Altındağ,Güneşevler,395.000 TL
124573-2,Dün,Satılık,Daire,2 + 1,"
                          130 m2
                        ",4. Kat,5 Yaşında,Jeotermal Isıtma,13 Katlı,Uygun,Eşyalı Değil,2,Betonarme,İkinci El,Boş,Kat Mülkiyeti,,Hayır,"Güney, Batı",,Doğalgaz,Evet,Çankaya,İlkbahar,1.045.000 TL
0-37597919,Dün,Satılık,Daire,4 + 1,"
                          185 m2
                        ",1. Kat,11 Yaşında,Kombi,4 Katlı,Uygun,Eşyalı Değil,1,Betonarme,,Boş,,40 TL,Hayır,"Kuzey, Güney",2.000 TL,Doğalgaz,,Çankaya,Devlet,647.000 TL
122935-95,Dün,Satılık,Daire,3 + 1,"
                          150 m2
                        ",5. Kat,Sıfır Bina,Kombi,14 Katlı,Uygun,Eşyalı Değil,2,Betonarme,Sıfır,Boş,Kat İrtifakı,,Evet,"Güney, Batı",,Doğalgaz,Evet,Mamak,Yeşilbayır,429.999 TL
41662-1137,Dün,Satılık,Daire,4 + 1,"
                          180 m2
                        ",13. Kat,15 Yaşında,Merkezi (Pay Ölçer),14 Katlı,Uygun,Eşyalı Değil,2,Betonarme,İkinci El,Ev Sahibi Oturuyor,Kat Mülkiyeti,430 TL,Hayır,"Güney, Doğu, Batı",8.000 TL,Doğalgaz,Evet,Çankaya,Akpınar,1.250.000 TL
58364-3538,Dün,Satılık,Daire,3 + 1,"
                          130 m2
                        ",4. Kat,15 Yaşında,Kombi,5 Katlı,Uygun,Eşyalı Değil,1,Betonarme,İkinci El,Boş,Kat Mülkiyeti,,Evet,"Güney, Batı",3.000 TL,Doğalgaz,Evet,Çankaya,Tınaztepe,650.000 TL
1350-3565,Dün,Satılık,Daire,3 + 1,"
                          140 m2
                        ",1. Kat,10 Yaşında,Kombi,3 Katlı,Uygun,Eşyalı Değil,1,Betonarme,İkinci El,Boş,Kat Mülkiyeti,,Hayır,,,Doğalgaz,Evet,Pursaklar,Fatih,380.000 TL
121003-849,Dün,Satılık,Daire,3 + 1,"
                          125 m2
                        ",2. Kat,Sıfır Bina,Kombi,3 Katlı,Uygun,Eşyalı Değil,1,Betonarme,Sıfır,Boş,Kat Mülkiyeti,50 TL,Evet,"Güney, Doğu",1.500 TL,Doğalgaz,Evet,Keçiören,Atapark,350.000 TL
26614-1285,Dün,Satılık,Daire,4 + 1,"
                          155 m2
                        ",1. Kat,20 Yaşında,Kombi,3 Katlı,Uygun,Eşyalı Değil,1,Betonarme,İkinci El,Kiracı Oturuyor,Kat Mülkiyeti,50 TL,Hayır,"Kuzey, Güney, Doğu",2.500 TL,Doğalgaz,Evet,Çankaya,Oğuzlar,645.000 TL
39672-9210,Dün,Satılık,Daire,3 + 1,"
                          120 m2
                        ",1. Kat,25 Yaşında,Kombi,3 Katlı,Uygun,Eşyalı Değil,2,Betonarme,İkinci El,Boş,Kat Mülkiyeti,,Hayır,Batı,,Doğalgaz,Evet,Keçiören,Ayvalı,595.000 TL
66647-732,Dün,Satılık,Daire,3 + 1,"
                          125 m2
                        ",4. Kat,10 Yaşında,Kombi,9 Katlı,Uygun,Eşyalı Değil,1,Betonarme,İkinci El,Boş,Kat Mülkiyeti,,Hayır,,,Doğalgaz,Evet,Pursaklar,Mimar Sinan,455.000 TL
8859-3117,Dün,Satılık,Daire,4 + 1,"
                          220 m2
                        ",3. Kat,13 Yaşında,Kombi,3 Katlı,Uygun,Eşyalı Değil,1,Betonarme,İkinci El,Ev Sahibi Oturuyor,Kat Mülkiyeti,,Hayır,"Güney, Batı",,Doğalgaz,Evet,Keçiören,Yayla,365.000 TL
2450-1255,Bugün,Satılık,Daire,3 + 1,"
                          120 m2
                        ",8. Kat,30 Yaşında,Merkezi,12 Katlı,Uygun,Eşyalı Değil,1,Betonarme,İkinci El,Ev Sahibi Oturuyor,,500 TL,Hayır,,,Doğalgaz,,Çankaya,İşçi Blokları,775.000 TL
2263-1164,Bugün,Satılık,Daire,3 + 1,"
                          145 m2
                        ",Kot 1,18 Yaşında,Kombi,3 Katlı,Uygun,Eşyalı Değil,2,Betonarme,İkinci El,Ev Sahibi Oturuyor,Kat Mülkiyeti,30 TL,Hayır,"Güney, Doğu",1.500 TL,Doğalgaz,Evet,Çankaya,İlkadım,425.000 TL
692546-1335,Bugün,Satılık,Daire,3 + 1,"
                          130 m2
                        ",3. Kat,13 Yaşında,Kombi,3 Katlı,Uygun,Eşyalı Değil,1,Betonarme,İkinci El,Kiracı Oturuyor,,,Hayır,Güney,,Doğalgaz,Evet,Mamak,Peyami Safa,295.000 TL
8316-2033,Bugün,Satılık,Daire,5 + 1,"
                          233 m2
                        ",17. Kat,Sıfır Bina,Merkezi (Pay Ölçer),24 Katlı,Uygun,Eşyalı Değil,5,Betonarme,İkinci El,Kat İrtifakı,Hayır,,"Güney, Doğu",ATASAYANLAR 5,,Evet,,Çankaya,Dodurga,1.600.000 TL
64542-12917,Bugün,Satılık,Daire,4 + 1,"
                          175 m2
                        ",3. Kat,Sıfır Bina,Kombi,5 Katlı,Uygun,Eşyalı Değil,2,Betonarme,Sıfır,Boş,Kat İrtifakı,50 TL,Evet,"Güney, Doğu",1.500 TL,Doğalgaz,Evet,Keçiören,Şehit Kubilay,525.000 TL
10557-2807,Bugün,Satılık,Daire,3 + 1,"
                          140 m2
                        ",3. Kat,13 Yaşında,Kombi,4 Katlı,Uygun,Eşyalı Değil,2,,İkinci El,Kiracı Oturuyor,Kat İrtifakı,165 TL,Hayır,"Güney, Batı",,Doğalgaz,,Çankaya,Karapınar,663.000 TL
16407-8764,Bugün,Satılık,Daire,3 + 1,"
                          135 m2
                        ",2. Kat,7 Yaşında,Kombi,3 Katlı,Uygun,Eşyalı Değil,1,Betonarme,İkinci El,Ev Sahibi Oturuyor,Kat Mülkiyeti,30 TL,Hayır,"Güney, Batı",1.200 TL,Doğalgaz,Evet,Etimesgut,Topçu,435.000 TL
119586-720,Bugün,Satılık,Daire,3 + 1,"
                          140 m2
                        ",Ara Kat,Sıfır Bina,Kombi,3 Katlı,Uygun,Eşyalı Değil,2,Betonarme,Sıfır,Boş,Kat Mülkiyeti,,Hayır,"Kuzey, Güney, Doğu, Batı",,Doğalgaz,Evet,Sincan,Mustafa Kemal,449.000 TL
124438-57,Bugün,Satılık,Daire,3 + 1,"
                          120 m2
                        ",Kot 1,14 Yaşında,Kombi,5 Katlı,Uygun,Eşyalı Değil,1,Betonarme,İkinci El,Boş,Kat Mülkiyeti,20 TL,Evet,"Güney, Doğu, Batı",950 TL,Doğalgaz,Evet,Mamak,Peyami Safa,160.000 TL
105502-1187,Bugün,Satılık,Daire,3 + 1,"
                          100 m2
                        ",Kot 1,15 Yaşında,Kombi,3 Katlı,Uygun,Eşyalı Değil,1,Betonarme,İkinci El,Kiracı Oturuyor,Kat Mülkiyeti,35 TL,Hayır,Doğu,850 TL,Doğalgaz,Evet,Mamak,Gülveren,175.000 TL
2220-8022,Bugün,Satılık,Villa,5 + 2,"
                          450 m2
                        ",,3 Yaşında,Kombi,4 Katlı,Uygun,Eşyalı Değil,3,Betonarme,Yapım Aşamasında,Boş,Kat İrtifakı,260 TL,Hayır,,,Doğalgaz,Evet,Etimesgut,Bağlıca,1.250.000 TL
1955-6240,Bugün,Satılık,Daire,4 + 1,"
                          170 m2
                        ",Giriş Katı,20 Yaşında,Kombi,3 Katlı,Uygun,Eşyalı Değil,1,Betonarme,İkinci El,Ev Sahibi Oturuyor,Kat Mülkiyeti,30 TL,Hayır,"Kuzey, Doğu",1.250 TL,Doğalgaz,,Keçiören,İncirli,350.000 TL
65093-2492,Bugün,Satılık,Daire,2 + 1,"
                          120 m2
                        ",1. Kat,30 Yaşında,Kombi,3 Katlı,Uygun,Eşyalı Değil,1,Betonarme,İkinci El,Belirtilmemiş,Kat Mülkiyeti,,Hayır,Güney,,Doğalgaz,,Yenimahalle,Çarşı,425.000 TL
692609-4148,Bugün,Satılık,Daire,3 + 1,"
                          126 m2
                        ",4. Kat,Sıfır Bina,Merkezi (Pay Ölçer),7 Katlı,Uygun,Eşyalı Değil,2,Betonarme,Sıfır,Boş,,,Hayır,,3.000 TL,Doğalgaz,Evet,Etimesgut,Eryaman,820.000 TL
5042-3067,Bugün,Satılık,Daire,1 + 1,"
                          65 m2
                        ",Bahçe Katı,1 Yaşında,Kombi,3 Katlı,Uygun,Eşyalı Değil,1,Betonarme,İkinci El,Kiracı Oturuyor,Kat Mülkiyeti,150 TL,Hayır,Güney,1.750 TL,Doğalgaz,Evet,Çankaya,Yukarı Bahçelievler,550.000 TL
2603-4221,Bugün,Satılık,Daire,2 + 1,"
                          100 m2
                        ",Giriş Katı,35 Yaşında,Kombi,3 Katlı,Uygun,Eşyalı Değil,1,Betonarme,İkinci El,Kiracı Oturuyor,,125 TL,Hayır,"Güney, Doğu",1.750 TL,Doğalgaz,,Çankaya,Ayrancı,365.000 TL
4209-2039,Bugün,Satılık,Villa,4 + 2,"
                          300 m2
                        ",,16 Yaşında,Kombi,3 Katlı,Uygun,Eşyalı Değil,2,Betonarme,İkinci El,Kiracı Oturuyor,Kat Mülkiyeti,500 TL,Hayır,"Kuzey, Güney, Doğu, Batı",4.500 TL,Doğalgaz,Evet,Gölbaşı,Karşıyaka,1.600.000 TL
47846-1423,Bugün,Satılık,Müstakil Ev,3 + 1,"
                          140 m2
                        ",,Sıfır Bina,Kat Kaloriferi,1 Katlı,Uygun,Eşyalı Değil,1,Betonarme,Sıfır,Boş,Kat Mülkiyeti,1 TL,Hayır,"Güney, Doğu, Batı",1.500 TL,Kömür-Odun,,Ayaş,Oltan,835.000 TL
114804-1031,Bugün,Satılık,Daire,3 + 1,"
                          105 m2
                        ",Giriş Katı,13 Yaşında,Kombi,3 Katlı,Uygun,Eşyalı Değil,1,Betonarme,İkinci El,Boş,Kat Mülkiyeti,35 TL,Evet,"Güney, Doğu",750 TL,Doğalgaz,Evet,Mamak,General Zeki Doğan,195.000 TL
122089-323,Bugün,Satılık,Daire,2 + 1,"
                          100 m2
                        ",Kot 2,6 Yaşında,Kombi,8 Katlı,Uygun,Eşyalı Değil,1,Betonarme,İkinci El,Kiracı Oturuyor,Kat İrtifakı,15 TL,Hayır,"Güney, Batı",650 TL,Doğalgaz,,Keçiören,Yayla,235.000 TL
29364-19505,Bugün,Satılık,Daire,4 + 1,"
                          170 m2
                        ",8. Kat,Sıfır Bina,Merkezi,12 Katlı,Uygun,Eşyalı Değil,2,Betonarme,Sıfır,Boş,Kat İrtifakı,,Hayır,"Kuzey, Doğu, Batı",,Doğalgaz,Evet,Yenimahalle,Susuz,1.275.000 TL
123094-385,Bugün,Satılık,Daire,2 + 1,"
                          95 m2
                        ",Kot 1,15 Yaşında,Kombi,3 Katlı,Uygun,Eşyalı Değil,1,Betonarme,İkinci El,Ev Sahibi Oturuyor,Kat Mülkiyeti,,Hayır,Güney,,Doğalgaz,Evet,Mamak,Bahçeleriçi,148.000 TL
8767-2413,Bugün,Satılık,Daire,3 + 1,"
                          110 m2
                        ",1. Kat,48 Yaşında,Kombi,3 Katlı,Uygun,Eşyalı Değil,1,Betonarme,İkinci El,Boş,Kat Mülkiyeti,,Hayır,"Kuzey, Doğu",,Doğalgaz,Evet,Altındağ,Aydınlıkevler,310.000 TL
63728-2199,Bugün,Satılık,Daire,4 + 1,"
                          165 m2
                        ",Yüksek Giriş,10 Yaşında,Kombi,3 Katlı,Uygun,Eşyalı Değil,2,Betonarme,İkinci El,Belirtilmemiş,Kat Mülkiyeti,100 TL,Hayır,Güney,1.500 TL,Doğalgaz,,Çankaya,Kırkkonaklar,550.000 TL
80318-305,Bugün,Satılık,Daire,4 + 1,"
                          220 m2
                        ",2. Kat,4 Yaşında,Merkezi (Pay Ölçer),5 Katlı,Uygun,Eşyalı Değil,2,Betonarme,İkinci El,Kiracı Oturuyor,Kat Mülkiyeti,1.050 TL,,"Kuzey, Doğu, Batı",5.000 TL,Doğalgaz,Evet,Çankaya,Beytepe,2.850.000 TL
3620-8832,Bugün,Satılık,Daire,3 + 1,"
                          129 m2
                        ",Giriş Katı,1 Yaşında,Kombi,5 Katlı,Uygun,Eşyalı Değil,2,Betonarme,Sıfır,Boş,Kat Mülkiyeti,150 TL,Hayır,"Güney, Batı",,Doğalgaz,Evet,Çankaya,Ayrancı,750.000 TL
0-37601761,Dün,Satılık,Daire,3 + 1,"
                          115 m2
                        ",3. Kat,10 Yaşında,Kombi,4 Katlı,Uygun,Eşyalı Değil,1,Betonarme,İkinci El,Boş,Kat Mülkiyeti,40 TL,Evet,Güney,1.300 TL,Doğalgaz,,Keçiören,Kanuni,385.000 TL
89899-972,Bugün,Satılık,Daire,2 + 1,"
                          90 m2
                        ",3. Kat,4 Yaşında,Kombi,3 Katlı,Uygun,Eşyalı Değil,1,Betonarme,İkinci El,Ev Sahibi Oturuyor,Kat Mülkiyeti,40 TL,Hayır,Batı,1.000 TL,Doğalgaz,Evet,Mamak,Mutlu,225.000 TL
53653-1830,Bugün,Satılık,Daire,2 + 1,"
                          115 m2
                        ",Yüksek Giriş,30 Yaşında,Kombi,3 Katlı,Uygun,Eşyalı Değil,1,Betonarme,İkinci El,Belirtilmemiş,Kat Mülkiyeti,60 TL,Hayır,"Güney, Doğu, Batı",1.200 TL,Doğalgaz,Evet,Çankaya,Umut,300.000 TL
0-37601659,Dün,Satılık,Daire,3 + 1,"
                          130 m2
                        ",Yüksek Giriş,20 Yaşında,Merkezi,18 Katlı,Uygun,Eşyalı Değil,1,,İkinci El,Ev Sahibi Oturuyor,Kat Mülkiyeti,500 TL,Hayır,"Güney, Doğu, Batı",2.000 TL,Doğalgaz,,Yenimahalle,Barış,695.000 TL
28880-3692,Dün,Satılık,Daire,3 + 1,"
                          165 m2
                        ",8. Kat,2 Yaşında,Kombi,8 Katlı,Uygun,Eşyalı Değil,2,Betonarme,İkinci El,Kiracı Oturuyor,Kat Mülkiyeti,,,"Kuzey, Güney, Doğu, Batı",2.800 TL,Doğalgaz,Evet,Etimesgut,Bağlıca,945.000 TL
114256-168,Dün,Satılık,Daire,3 + 1,"
                          140 m2
                        ",1. Kat,10 Yaşında,Kombi,10 Katlı,Uygun,Eşyalı Değil,2,Betonarme,İkinci El,Kiracı Oturuyor,Kat Mülkiyeti,120 TL,Hayır,"Güney, Batı",2.500 TL,Doğalgaz,Evet,Yenimahalle,Turgut Özal,650.000 TL
123585-55,Dün,Satılık,Daire,4 + 2,"
                          330 m2
                        ",3. Kat,10 Yaşında,Kombi,4 Katlı,Bilinmiyor,Eşyalı Değil,2,Betonarme,İkinci El,Ev Sahibi Oturuyor,Kat Mülkiyeti,30 TL,Hayır,"Güney, Doğu",2.000 TL,Doğalgaz,Evet,Etimesgut,Piyade,620.000 TL
0-37602082,Dün,Satılık,Daire,3 + 1,"
                          156 m2
                        ",5. Kat,10 Yaşında,Kombi,8 Katlı,Uygun,Eşyalı Değil,2,Betonarme,İkinci El,Ev Sahibi Oturuyor,Kat Mülkiyeti,300 TL,Hayır,"Güney, Batı",2.750 TL,Doğalgaz,,Yenimahalle,Turgut Özal,789.000 TL
43940-1734,Dün,Satılık,Daire,4 + 1,"
                          225 m2
                        ",1. Kat,Sıfır Bina,Merkezi (Pay Ölçer),12 Katlı,Uygun,Eşyalı Değil,2,Betonarme,Sıfır,Boş,Kat İrtifakı,,Hayır,,3.500 TL,Doğalgaz,Evet,Etimesgut,Bağlıca,1.200.000 TL
7433-4168,Bugün,Satılık,Daire,3 + 1,"
                          120 m2
                        ",Kot 2,40 Yaşında,Kombi,3 Katlı,Uygun,Eşyalı Değil,1,Betonarme,İkinci El,Boş,Kat Mülkiyeti,100 TL,Hayır,Batı,1.600 TL,Doğalgaz,Evet,Çankaya,Aziziye,510.000 TL
102398-271,Dün,Satılık,Daire,3 + 1,"
                          145 m2
                        ",2. Kat,Sıfır Bina,Kombi,3 Katlı,Uygun,Eşyalı Değil,2,Betonarme,Sıfır,Boş,Kat Mülkiyeti,,Hayır,"Güney, Doğu, Batı",1.500 TL,Doğalgaz,Evet,Sincan,29 Ekim,489.000 TL
89526-1035,Dün,Satılık,Daire,4 + 1,"
                          160 m2
                        ",Yüksek Giriş,5 Yaşında,Kombi,4 Katlı,Uygun,Eşyalı Değil,2,Betonarme,İkinci El,Ev Sahibi Oturuyor,Kat Mülkiyeti,30 TL,Evet,"Güney, Batı",1.500 TL,Doğalgaz,Evet,Sincan,Andiçen,485.000 TL
86972-1061,Dün,Satılık,Daire,4 + 1,"
                          200 m2
                        ",3. Kat,Sıfır Bina,Merkezi (Pay Ölçer),14 Katlı,Uygun,Eşyalı Değil,2,Betonarme,Sıfır,Boş,Kat Mülkiyeti,,Evet,"Kuzey, Doğu",,Doğalgaz,Evet,Etimesgut,Bağlıca,1.280.000 TL
119882-1747,Dün,Satılık,Daire,5 + 2,"
                          390 m2
                        ",4. Kat,6 Yaşında,Kombi,4 Katlı,Uygun,Eşyalı Değil,3,Betonarme,İkinci El,Ev Sahibi Oturuyor,Kat Mülkiyeti,30 TL,Hayır,"Kuzey, Güney, Doğu",3.500 TL,Doğalgaz,Evet,Etimesgut,Elvan,830.000 TL
94433-579,Dün,Satılık,Daire,2 + 1,"
                          135 m2
                        ",Bahçe Katı,20 Yaşında,Kombi,3 Katlı,Uygun,Eşyalı Değil,1,Betonarme,İkinci El,Ev Sahibi Oturuyor,Kat Mülkiyeti,100 TL,Hayır,"Güney, Batı",1.800 TL,Doğalgaz,Evet,Çankaya,Osman Temiz,360.000 TL
7705-4835,Dün,Satılık,Daire,3 + 1,"
                          130 m2
                        ",Yüksek Giriş,19 Yaşında,Kombi,3 Katlı,Uygun,Eşyalı Değil,1,Betonarme,İkinci El,Kiracı Oturuyor,Kat Mülkiyeti,50 TL,Hayır,"Güney, Batı",1.700 TL,Doğalgaz,Evet,Çankaya,Ata,495.000 TL
34109-3942,Dün,Satılık,Daire,5 + 1,"
                          330 m2
                        ",6. Kat,3 Yaşında,Kombi,6 Katlı,Uygun,Eşyalı Değil,3,Betonarme,Sıfır,Boş,Kat Mülkiyeti,10 TL,Hayır,Güney,5.000 TL,Doğalgaz,Evet,Çankaya,Mimar Sinan,825.000 TL
2888-13495,Bugün,Satılık,Daire,6 + 1,"
                          300 m2
                        ",5. Kat,10 Yaşında,Kombi,5 Katlı,Uygun,Eşyalı Değil,2,Betonarme,İkinci El,Boş,Kat Mülkiyeti,250 TL,Evet,"Güney, Batı",,Doğalgaz,Evet,Çankaya,İşçi Blokları,1.950.000 TL
692549-1404,Dün,Satılık,Daire,5 + 1,"
                          285 m2
                        ",2. Kat,20 Yaşında,Kombi,2 Katlı,Uygun,Eşyalı Değil,2,Betonarme,İkinci El,Belirtilmemiş,Kat Mülkiyeti,50 TL,Evet,"Doğu, Batı",3.000 TL,Doğalgaz,Evet,Keçiören,İncirli,765.000 TL
0-37597867,Dün,Satılık,Daire,3 + 1,"
                          130 m2
                        ",3. Kat,15 Yaşında,Kombi,4 Katlı,Uygun,Eşyalı Değil,1,Betonarme,Ev Sahibi Oturuyor,Kat Mülkiyeti,25 TL,Hayır,850 TL,,Doğalgaz,,,Keçiören,Kuşcağız,240.000 TL
15126-3579,Dün,Satılık,Daire,6 + 1,"
                          250 m2
                        ",3. Kat,10 Yaşında,Kombi,3 Katlı,Uygun,Eşyalı Değil,2,Betonarme,İkinci El,Boş,Kat Mülkiyeti,,Hayır,Doğu,,Doğalgaz,Evet,Mamak,Şahintepe,540.000 TL
95979-782,Bugün,Satılık,Daire,1 + 1,"
                          70 m2
                        ",Kot 1,6 Yaşında,Kombi,3 Katlı,Uygun,Eşyalı Değil,1,Betonarme,İkinci El,Kiracı Oturuyor,Kat Mülkiyeti,25 TL,Evet,"Güney, Doğu",600 TL,Doğalgaz,Evet,Etimesgut,Piyade,128.000 TL
10214-2231,Dün,Satılık,Müstakil Ev,6 + 2,"
                          260 m2
                        ",,Sıfır Bina,Soba,1 Katlı,Uygun,Eşyalı Değil,2,Betonarme,,,,,,,,Kömür-Odun,,Bala,Beynam,990.000 TL
116825-203,Dün,Satılık,Daire,4 + 1,"
                          160 m2
                        ",6. Kat,6 Yaşında,Kombi,6 Katlı,Uygun,Eşyalı Değil,2,Betonarme,İkinci El,Ev Sahibi Oturuyor,Kat Mülkiyeti,,Hayır,"Kuzey, Batı",,Doğalgaz,Evet,Pursaklar,Saray Cumhuriyet,589.000 TL
18950-53,Bugün,Satılık,Daire,3 + 1,"
                          120 m2
                        ",Yüksek Giriş,Sıfır Bina,Kombi,4 Katlı,Uygun,Eşyalı Değil,2,Betonarme,Sıfır,Boş,Kat Mülkiyeti,50 TL,Hayır,"Kuzey, Batı",1.500 TL,Doğalgaz,Evet,Gölbaşı,Karşıyaka,348.000 TL
4469-1399,Bugün,Satılık,Daire,2 + 1,"
                          90 m2
                        ",Yüksek Giriş,15 Yaşında,Kombi,2 Katlı,Uygun,Eşyalı Değil,1,Betonarme,İkinci El,Boş,,,,,,Doğalgaz,Evet,Altındağ,Aydınlıkevler,260.000 TL
59414-3058,Bugün,Satılık,Daire,2 + 1,"
                          100 m2
                        ",Yüksek Giriş,16 Yaşında,Kombi,4 Katlı,Uygun,Eşyalı Değil,1,Betonarme,İkinci El,Kiracı Oturuyor,Kat Mülkiyeti,30 TL,Hayır,"Kuzey, Güney",900 TL,Doğalgaz,Evet,Yenimahalle,Ragıp Tüzün,275.000 TL
121128-242,Bugün,Satılık,Daire,3 + 1,"
                          100 m2
                        ",Giriş Katı,15 Yaşında,Kombi,3 Katlı,Uygun,Eşyalı Değil,1,Betonarme,İkinci El,Ev Sahibi Oturuyor,,,Hayır,Güney,900 TL,Doğalgaz,Evet,Mamak,Gülveren,184.900 TL
4005-189,Bugün,Satılık,Daire,4 + 1,"
                          210 m2
                        ",5. Kat,4 Yaşında,Merkezi (Pay Ölçer),11 Katlı,Uygun,Eşyalı Değil,2,Betonarme,İkinci El,Ev Sahibi Oturuyor,Kat Mülkiyeti,220 TL,Hayır,"Güney, Doğu, Batı",4.000 TL,Doğalgaz,Evet,Etimesgut,Ahi Mesut,1.050.000 TL
121379-72,Bugün,Satılık,Daire,1 + 1,"
                          70 m2
                        ",Zemin,15 Yaşında,Kombi,4 Katlı,Uygun,Eşyalı Değil,1,Betonarme,İkinci El,Boş,Kat Mülkiyeti,50 TL,Evet,"Güney, Doğu",1.500 TL,Doğalgaz,Evet,Çankaya,Gökkuşağı,318.000 TL
2688-263,Bugün,Satılık,Daire,2 + 1,"
                          95 m2
                        ",3. Kat,Sıfır Bina,Kombi,4 Katlı,Uygun değil,Eşyalı Değil,2,Betonarme,Sıfır,Boş,Kat İrtifakı,,Evet,"Güney, Doğu",,Doğalgaz,Evet,Gölbaşı,Kızılcaşar,725.000 TL
14984-3119,Bugün,Satılık,Daire,3 + 1,"
                          130 m2
                        ",3. Kat,25 Yaşında,Kombi,5 Katlı,Uygun,Eşyalı Değil,1,Betonarme,İkinci El,Boş,Kat Mülkiyeti,100 TL,Hayır,"Güney, Batı",2.000 TL,Doğalgaz,Evet,Çankaya,Yıldızevler,538.000 TL
97883-228,Bugün,Satılık,Daire,2 + 1,"
                          100 m2
                        ",Giriş Katı,40 Yaşında,Merkezi,4 Katlı,Uygun,Eşyalı Değil,1,Betonarme,İkinci El,Boş,Kat Mülkiyeti,100 TL,Hayır,Doğu,1.700 TL,Doğalgaz,,Çankaya,Ayrancı,365.000 TL
85799-1912,Bugün,Satılık,Daire,3 + 1,"
                          130 m2
                        ",2. Kat,Sıfır Bina,Kombi,4 Katlı,Uygun,Eşyalı Değil,1,Betonarme,Sıfır,Boş,Kat Mülkiyeti,,Evet,Batı,,Doğalgaz,Evet,Keçiören,Hisar,309.000 TL
692656-490,Bugün,Satılık,Daire,4 + 1,"
                          217 m2
                        ",9. Kat,Sıfır Bina,Merkezi (Pay Ölçer),17 Katlı,Uygun,Eşyalı Değil,2,Betonarme,Sıfır,Boş,Kat Mülkiyeti,400 TL,Hayır,"Güney, Doğu, Batı",3.250 TL,Doğalgaz,Evet,Keçiören,Ovacık,1.275.000 TL
42238-543,Bugün,Satılık,Daire,3 + 1,"
                          135 m2
                        ",Yüksek Giriş,17 Yaşında,Kombi,3 Katlı,Uygun,Eşyalı Değil,1,Betonarme,İkinci El,Boş,Kat Mülkiyeti,30 TL,Hayır,"Doğu, Batı",1.300 TL,Doğalgaz,Evet,Yenimahalle,Esentepe,327.000 TL
122317-130,Bugün,Satılık,Daire,3 + 1,"
                          135 m2
                        ",4. Kat,16 Yaşında,Kombi,5 Katlı,Uygun,Eşyalı Değil,2,Betonarme,İkinci El,Belirtilmemiş,,100 TL,Hayır,"Güney, Doğu",,Doğalgaz,,Çankaya,Kırkkonaklar,714.000 TL
67646-276,Bugün,Satılık,Daire,2 + 1,"
                          75 m2
                        ",3. Kat,43 Yaşında,Kombi,5 Katlı,Uygun,Eşyalı Değil,1,Betonarme,İkinci El,Boş,Kat Mülkiyeti,30 TL,Hayır,"Doğu, Batı",650 TL,Doğalgaz,Evet,Altındağ,Örnek,155.000 TL
6310-17500,Bugün,Satılık,Daire,3 + 1,"
                          90 m2
                        ",1. Kat,2 Yaşında,Kombi,4 Katlı,Uygun,Eşyalı Değil,1,Betonarme,Sıfır,Boş,Kat Mülkiyeti,50 TL,Hayır,Batı,1.400 TL,Doğalgaz,Evet,Çankaya,İlker,385.000 TL
5438-23038,Bugün,Satılık,Daire,3 + 1,"
                          145 m2
                        ",3. Kat,20 Yaşında,Kombi,4 Katlı,Uygun,Eşyalı Değil,1,Betonarme,İkinci El,Kiracı Oturuyor,Kat Mülkiyeti,,Hayır,"Güney, Doğu, Batı",2.000 TL,Doğalgaz,Evet,Çankaya,Sokullu Mehmet Paşa,449.000 TL
79318-89,Bugün,Satılık,Daire,3 + 1,"
                          125 m2
                        ",Yüksek Giriş,15 Yaşında,Kombi,4 Katlı,Uygun,Eşyalı Değil,1,Betonarme,İkinci El,Kiracı Oturuyor,,20 TL,Evet,"Güney, Doğu",800 TL,Doğalgaz,Evet,Sincan,İstasyon,275.000 TL
121794-222,Bugün,Satılık,Daire,2 + 1,"
                          100 m2
                        ",9. Kat,4 Yaşında,Merkezi (Pay Ölçer),12 Katlı,Uygun,Eşyalı Değil,1,Betonarme,İkinci El,Kiracı Oturuyor,Kat Mülkiyeti,200 TL,Hayır,"Güney, Doğu",,Doğalgaz,Evet,Etimesgut,Altay,543.000 TL
124375-42,Bugün,Satılık,Daire,3 + 1,"
                          120 m2
                        ",2. Kat,25 Yaşında,Kombi,2 Katlı,Uygun,Eşyalı Değil,1,Kagir,İkinci El,Boş,Kat Mülkiyeti,40 TL,Hayır,"Güney, Batı",1.200 TL,Doğalgaz,Evet,Keçiören,Kuşcağız,295.000 TL
122878-204,Bugün,Satılık,Daire,3 + 1,"
                          140 m2
                        ",Ara Kat,25 Yaşında,Kombi,3 Katlı,Uygun,Eşyalı Değil,1,Betonarme,Sıfır,Boş,Kat Mülkiyeti,50 TL,Hayır,,3.500 TL,Doğalgaz,Evet,Çankaya,Aydınlar,659.000 TL
65258-3159,Bugün,Satılık,Daire,3 + 1,"
                          145 m2
                        ",2. Kat,1 Yaşında,Kombi,3 Katlı,Uygun,Eşyalı Değil,2,,Sıfır,Boş,,,Evet,,,Doğalgaz,Evet,Altındağ,Beşikkaya,350.000 TL
4367-5365,Bugün,Satılık,Daire,3 + 1,"
                          130 m2
                        ",4. Kat,28 Yaşında,Merkezi,4 Katlı,Uygun,Eşyalı Değil,1,Betonarme,İkinci El,Kiracı Oturuyor,Kat Mülkiyeti,475 TL,Hayır,Güney,1.150 TL,Doğalgaz,Evet,Çankaya,Güvenevler,420.000 TL
13665-3463,Bugün,Satılık,Daire,4 + 1,"
                          180 m2
                        ",13. Kat,Sıfır Bina,Kombi,17 Katlı,Uygun,Eşyalı Değil,2,Betonarme,Sıfır,Boş,,,Hayır,,,Doğalgaz,Evet,Pursaklar,Merkez,759.000 TL
61518-990,Bugün,Satılık,Daire,3 + 1,"
                          135 m2
                        ",Yüksek Giriş,18 Yaşında,Kombi,4 Katlı,Uygun,Eşyalı Değil,1,Betonarme,İkinci El,Kiracı Oturuyor,Kat Mülkiyeti,20 TL,Hayır,"Kuzey, Güney, Doğu",600 TL,Doğalgaz,Evet,Polatlı,Şehitlik,130.000 TL
47683-1993,Bugün,Satılık,Bina,2 + 1,"
                          100 m2
                        ",,28 Yaşında,Kombi,3 Katlı,Uygun,Eşyalı Değil,1,Betonarme,İkinci El,Ev Sahibi Oturuyor,Kat Mülkiyeti,30 TL,Hayır,Doğu,,Doğalgaz,,Mamak,Abidinpaşa,160.000 TL
2533-2288,Bugün,Satılık,Daire,3 + 1,"
                          145 m2
                        ",Giriş Katı,Sıfır Bina,Kombi,4 Katlı,Uygun,Eşyalı Değil,1,Betonarme,Sıfır,Boş,,,Hayır,"Kuzey, Batı",,Doğalgaz,Evet,Çankaya,Bahçelievler,1.100.000 TL
124835-6,Bugün,Satılık,Daire,3 + 1,"
                          135 m2
                        ",Yüksek Giriş,15 Yaşında,Kombi,3 Katlı,Uygun,Eşyalı Değil,1,Betonarme,İkinci El,Ev Sahibi Oturuyor,Kat Mülkiyeti,,Hayır,"Güney, Doğu, Batı",1.200 TL,Doğalgaz,Evet,Keçiören,23 Nisan,300.000 TL
37602-2392,Bugün,Satılık,Daire,4 + 1,"
                          287 m2
                        ",Ara Kat,2 Yaşında,Merkezi (Pay Ölçer),4 Katlı,Uygun,Eşyalı Değil,2,Betonarme,İkinci El,Belirtilmemiş,Kat Mülkiyeti,,,Güney,,Doğalgaz,Evet,Çankaya,Beytepe,2.750.000 TL
53451-1481,Bugün,Satılık,Daire,3 + 1,"
                          120 m2
                        ",1. Kat,20 Yaşında,Kombi,3 Katlı,Uygun,Eşyalı Değil,1,Boş,Kat Mülkiyeti,30 TL,Hayır,1.600 TL,Doğalgaz,,Evet,,,Yenimahalle,Tepealtı,510.000 TL
7458-26,Bugün,Satılık,Daire,4 + 1,"
                          150 m2
                        ",3. Kat,10 Yaşında,Kombi,3 Katlı,Uygun,Eşyalı Değil,1,,İkinci El,Boş,Kat Mülkiyeti,30 TL,Hayır,Doğu,,,Evet,Mamak,Boğaziçi,255.000 TL
7701-1780,Bugün,Satılık,Daire,4 + 1,"
                          160 m2
                        ",4. Kat,Sıfır Bina,Kombi,5 Katlı,Uygun,Eşyalı Değil,2,Betonarme,Sıfır,Boş,Kat Mülkiyeti,,Hayır,"Güney, Batı",2.500 TL,Doğalgaz,Evet,Çankaya,Mürsel Uluç,790.000 TL
41304-2525,Bugün,Satılık,Daire,2 + 1,"
                          90 m2
                        ",1. Kat,30 Yaşında,Kombi,3 Katlı,Uygun,Eşyalı Değil,1,Betonarme,İkinci El,Kiracı Oturuyor,Kat Mülkiyeti,50 TL,Hayır,,1.700 TL,Doğalgaz,Evet,Çankaya,Bahçelievler,475.000 TL
3584-26274,Bugün,Satılık,Daire,3 + 1,"
                          110 m2
                        ",Bahçe Katı,35 Yaşında,Merkezi,3 Katlı,Uygun,Eşyalı Değil,1,Betonarme,İkinci El,Kiracı Oturuyor,,,,"Güney, Doğu",,Doğalgaz,Evet,Çankaya,Bahçelievler,340.000 TL
4666-993,Bugün,Satılık,Daire,3 + 1,"
                          155 m2
                        ",4. Kat,Sıfır Bina,Kombi,4 Katlı,Uygun,Eşyalı Değil,1,Betonarme,Sıfır,Boş,,,,,4.000 TL,Doğalgaz,,Çankaya,Bahçelievler,1.350.000 TL
91270-1698,Bugün,Satılık,Daire,3 + 1,"
                          105 m2
                        ",1. Kat,10 Yaşında,Kombi,3 Katlı,Uygun,Eşyalı Değil,1,Betonarme,İkinci El,Boş,,20 TL,Hayır,"Güney, Doğu, Batı",,Doğalgaz,Evet,Mamak,Misket,254.000 TL
44716-7023,Bugün,Satılık,Daire,3 + 1,"
                          145 m2
                        ",2. Kat,4 Yaşında,Kombi,10 Katlı,Uygun,Eşyalı Değil,2,Betonarme,İkinci El,Ev Sahibi Oturuyor,,100 TL,Hayır,"Güney, Doğu",,Doğalgaz,Evet,Mamak,Durali Alıç,489.000 TL
3493-26435,Bugün,Satılık,Daire,4 + 1,"
                          145 m2
                        ",2. Kat,25 Yaşında,Kombi,3 Katlı,Uygun,Eşyalı Değil,1,Betonarme,İkinci El,Boş,Kat Mülkiyeti,30 TL,Hayır,"Güney, Doğu",,Doğalgaz,Evet,Çankaya,Harbiye,535.000 TL
14072-11595,Bugün,Satılık,Daire,2 + 1,"
                          115 m2
                        ",1. Kat,25 Yaşında,Kombi,3 Katlı,Uygun,Eşyalı Değil,1,Betonarme,Sıfır,Boş,Kat Mülkiyeti,30 TL,Hayır,"Kuzey, Doğu",1.750 TL,Doğalgaz,Evet,Çankaya,Osman Temiz,439.000 TL
16761-28738,Bugün,Satılık,Daire,2 + 1,"
                          105 m2
                        ",Kot 2,22 Yaşında,Kombi,3 Katlı,Uygun,Eşyalı Değil,1,Betonarme,Sıfır,Boş,Kat Mülkiyeti,35 TL,Evet,Doğu,1.600 TL,Doğalgaz,Evet,Çankaya,Osman Temiz,298.000 TL
91527-9454,Bugün,Satılık,Daire,3 + 1,"
                          130 m2
                        ",3. Kat,25 Yaşında,Kombi,4 Katlı,Uygun,Eşyalı Değil,1,Betonarme,İkinci El,Kiracı Oturuyor,Kat Mülkiyeti,,Hayır,"Kuzey, Doğu",1.650 TL,Doğalgaz,Evet,Çankaya,Sokullu Mehmet Paşa,465.000 TL
12890-5053,Bugün,Satılık,Daire,4 + 2,"
                          165 m2
                        ",Yüksek Giriş,12 Yaşında,Kombi,3 Katlı,Uygun,Eşyalı Değil,2,Betonarme,İkinci El,Ev Sahibi Oturuyor,Kat Mülkiyeti,25 TL,Hayır,"Güney, Doğu, Batı",1.600 TL,Doğalgaz,,Etimesgut,Topçu,279.500 TL
3483-3878,Bugün,Satılık,Daire,3 + 1,"
                          145 m2
                        ",3. Kat,25 Yaşında,Merkezi,4 Katlı,Uygun,Eşyalı Değil,2,Betonarme,Sıfır,Boş,Kat Mülkiyeti,400 TL,Evet,"Güney, Doğu",4.500 TL,Doğalgaz,Evet,Çankaya,Ayrancı,735.000 TL
121699-248,Bugün,Satılık,Daire,3 + 1,"
                          135 m2
                        ",2. Kat,15 Yaşında,Kombi,4 Katlı,Uygun,Eşyalı Değil,1,Betonarme,İkinci El,Ev Sahibi Oturuyor,Kat Mülkiyeti,35 TL,Evet,"Kuzey, Güney, Doğu, Batı",1.500 TL,Doğalgaz,Evet,Yenimahalle,Pamuklar,249.000 TL
16354-21273,Bugün,Satılık,Daire,5 + 1,"
                          220 m2
                        ",1. Kat,3 Yaşında,Kombi,4 Katlı,Uygun,Eşyalı Değil,2,Betonarme,İkinci El,Ev Sahibi Oturuyor,Kat Mülkiyeti,,Evet,"Kuzey, Güney, Doğu, Batı",,Doğalgaz,Evet,Keçiören,Şehit Kubilay,519.000 TL
31522-12719,Bugün,Satılık,Daire,3 + 1,"
                          125 m2
                        ",Kot 1,21 Yaşında,Kombi,3 Katlı,Uygun,Eşyalı Değil,1,Betonarme,İkinci El,Boş,Kat Mülkiyeti,50 TL,Evet,"Güney, Doğu",,Doğalgaz,Evet,Keçiören,Aşağı Eğlence,245.000 TL
72190-1158,Bugün,Satılık,Daire,3 + 1,"
                          100 m2
                        ",Giriş Katı,45 Yaşında,Kombi,3 Katlı,Uygun,Eşyalı Değil,1,Betonarme,,Boş,Kat Mülkiyeti,100 TL,Hayır,Doğu,1.200 TL,Doğalgaz,Evet,Çankaya,Umut,240.000 TL
17811-7335,Bugün,Satılık,Daire,3 + 1,"
                          150 m2
                        ",1. Kat,12 Yaşında,Kombi,4 Katlı,Uygun,Eşyalı Değil,2,Betonarme,İkinci El,Ev Sahibi Oturuyor,Kat Mülkiyeti,50 TL,Hayır,"Kuzey, Doğu",2.200 TL,Doğalgaz,Evet,Çankaya,Ata,580.000 TL
65633-739,Bugün,Satılık,Daire,3 + 1,"
                          105 m2
                        ",Yüksek Giriş,35 Yaşında,Kombi,6 Katlı,Uygun,Eşyalı Değil,1,Kagir,İkinci El,Kiracı Oturuyor,Kat Mülkiyeti,30 TL,,"Kuzey, Batı",1.100 TL,Doğalgaz,Evet,Yenimahalle,Demetevler,195.000 TL
10557-2558,Bugün,Satılık,Daire,5 + 1,"
                          220 m2
                        ",4. Kat,12 Yaşında,Kombi,4 Katlı,Uygun,Eşyalı Değil,3,Betonarme,İkinci El,Ev Sahibi Oturuyor,Kat Mülkiyeti,50 TL,Hayır,"Kuzey, Güney, Doğu, Batı",,Doğalgaz,Evet,Çankaya,Akpınar,625.000 TL
102781-397,Bugün,Satılık,Daire,3 + 1,"
                          130 m2
                        ",2. Kat,15 Yaşında,Kombi,3 Katlı,Uygun,Eşyalı Değil,1,Betonarme,İkinci El,Boş,Kat Mülkiyeti,50 TL,Hayır,Güney,1.400 TL,Doğalgaz,Evet,Etimesgut,Atakent,290.000 TL
8767-2006,Bugün,Satılık,Daire,2 + 1,"
                          75 m2
                        ",3. Kat,42 Yaşında,Kombi,3 Katlı,Uygun,Eşyalı,1,Betonarme,İkinci El,Boş,Kat Mülkiyeti,,,Güney,,Doğalgaz,Evet,Altındağ,Aydınlıkevler,165.000 TL
2603-3630,Bugün,Satılık,Daire,2 + 1,"
                          100 m2
                        ",Giriş Katı,35 Yaşında,Merkezi,3 Katlı,Uygun,Eşyalı Değil,1,Betonarme,İkinci El,Kiracı Oturuyor,Kat Mülkiyeti,265 TL,Hayır,"Güney, Batı",1.350 TL,Doğalgaz,,Çankaya,Güvenevler,370.000 TL
95525-325,Bugün,Satılık,Daire,3 + 1,"
                          140 m2
                        ",4. Kat,Sıfır Bina,Merkezi (Pay Ölçer),9 Katlı,Bilinmiyor,Eşyalı Değil,1,Betonarme,Sıfır,Boş,,,Evet,,,Doğalgaz,Evet,Sincan,Alcı,152.000 TL
1955-5297,Bugün,Satılık,Daire,5 + 1,"
                          240 m2
                        ",2. Kat,9 Yaşında,Kombi,2 Katlı,Uygun,Eşyalı Değil,2,Betonarme,İkinci El,Boş,Kat Mülkiyeti,25 TL,Hayır,Doğu,1.500 TL,Doğalgaz,,Keçiören,İncirli,700.000 TL
124438-70,Bugün,Satılık,Daire,2 + 1,"
                          105 m2
                        ",Giriş Katı,20 Yaşında,Kombi,3 Katlı,Uygun,Eşyalı Değil,1,Betonarme,İkinci El,Boş,Kat Mülkiyeti,50 TL,Evet,"Güney, Doğu, Batı",1.400 TL,Doğalgaz,Evet,Çankaya,Bağcılar,350.000 TL
1612-2930,Bugün,Satılık,Daire,3 + 1,"
                          107 m2
                        ",Kot 1,10 Yaşında,Kombi,3 Katlı,Uygun,Eşyalı Değil,1,Betonarme,İkinci El,Boş,Kat Mülkiyeti,70 TL,Hayır,Güney,2.000 TL,Doğalgaz,Evet,Çankaya,Esatoğlu,600.000 TL
5042-3057,Bugün,Satılık,Daire,3 + 1,"
                          140 m2
                        ",2. Kat,35 Yaşında,Kombi,3 Katlı,Uygun,Eşyalı Değil,1,Betonarme,İkinci El,Boş,Kat Mülkiyeti,75 TL,Hayır,Doğu,2.000 TL,Doğalgaz,Evet,Çankaya,Bahçelievler,750.000 TL
16814-5516,Bugün,Satılık,Daire,3 + 1,"
                          130 m2
                        ",Bahçe Katı,40 Yaşında,Kombi,4 Katlı,Uygun,Eşyalı Değil,1,Betonarme,Sıfır,Boş,Kat Mülkiyeti,100 TL,Hayır,"Güney, Doğu, Batı",3.000 TL,Doğalgaz,Evet,Çankaya,Remzi Oğuz Arık,570.000 TL
113804-284,Bugün,Satılık,Daire,4 + 1,"
                          210 m2
                        ",1. Kat,Sıfır Bina,Merkezi (Pay Ölçer),12 Katlı,Uygun,Eşyalı Değil,2,Betonarme,Sıfır,Boş,Kat Mülkiyeti,,Hayır,"Kuzey, Güney, Batı",3.000 TL,Doğalgaz,Evet,Etimesgut,Bağlıca,1.200.000 TL
1170-5023,Bugün,Satılık,Daire,3 + 1,"
                          120 m2
                        ",6. Kat,35 Yaşında,Kombi,7 Katlı,Uygun,Eşyalı Değil,1,Betonarme,,Boş,Kat Mülkiyeti,100 TL,Hayır,Batı,,Doğalgaz,Evet,Çankaya,Anıttepe,450.000 TL
121128-101,Bugün,Satılık,Daire,2 + 1,"
                          105 m2
                        ",Kot 2,15 Yaşında,Kombi,3 Katlı,Uygun,Eşyalı Değil,1,Betonarme,İkinci El,Ev Sahibi Oturuyor,,,Hayır,Güney,750 TL,Doğalgaz,Evet,Mamak,General Zeki Doğan,129.900 TL
118717-168,Bugün,Satılık,Daire,3 + 1,"
                          155 m2
                        ",1. Kat,Sıfır Bina,Kombi,3 Katlı,Uygun,Eşyalı Değil,1,Betonarme,Sıfır,Boş,Kat Mülkiyeti,50 TL,Evet,Güney,2.000 TL,Doğalgaz,Evet,Keçiören,Karakaya,379.000 TL
25673-6405,Bugün,Satılık,Daire,2 + 1,"
                          95 m2
                        ",Giriş Katı,12 Yaşında,Kombi,8 Katlı,Uygun,Eşyalı Değil,1,Betonarme,İkinci El,Boş,Kat Mülkiyeti,,Hayır,"Güney, Doğu",,Doğalgaz,,Mamak,Ege,378.000 TL
59414-3068,Bugün,Satılık,Daire,3 + 1,"
                          110 m2
                        ",Bahçe Katı,2 Yaşında,Kombi,4 Katlı,Uygun,Eşyalı Değil,2,Betonarme,Sıfır,Boş,Kat Mülkiyeti,40 TL,Evet,"Kuzey, Güney",1.300 TL,Doğalgaz,Evet,Yenimahalle,Çarşı,310.000 TL
125004-1,Bugün,Satılık,Daire,3 + 1,"
                          130 m2
                        ",2. Kat,7 Yaşında,Kombi,4 Katlı,Uygun,Eşyalı Değil,1,Betonarme,İkinci El,Kiracı Oturuyor,Kat Mülkiyeti,30 TL,Evet,"Güney, Batı",850 TL,Doğalgaz,Evet,Altındağ,Karapürçek,240.000 TL
114804-1522,Bugün,Satılık,Daire,3 + 1,"
                          110 m2
                        ",Kot 1,12 Yaşında,Kombi,3 Katlı,Uygun,Eşyalı Değil,1,Betonarme,İkinci El,Belirtilmemiş,Kat Mülkiyeti,50 TL,Evet,"Güney, Batı",,Doğalgaz,Evet,Mamak,Aşık Veysel,160.000 TL
29364-19504,Bugün,Satılık,Daire,3 + 1,"
                          125 m2
                        ",3. Kat,14 Yaşında,Kombi,11 Katlı,Uygun,Eşyalı Değil,1,Betonarme,İkinci El,Kiracı Oturuyor,Kat Mülkiyeti,240 TL,Hayır,"Kuzey, Doğu",,Doğalgaz,Evet,Etimesgut,Tunahan,580.000 TL
2703-17977,Bugün,Satılık,Daire,4 + 1,"
                          200 m2
                        ",11. Kat,Sıfır Bina,Merkezi (Pay Ölçer),12 Katlı,Uygun,Eşyalı Değil,2,Betonarme,Sıfır,Boş,Kat Mülkiyeti,,Hayır,"Güney, Batı",,Doğalgaz,Evet,Pursaklar,Mimar Sinan,1.350.000 TL
3466-1720,Bugün,Satılık,Villa,5 + 1,"
                          250 m2
                        ",,18 Yaşında,Kombi,3 Katlı,Uygun,Eşyalı Değil,1,Betonarme,İkinci El,Ev Sahibi Oturuyor,,250 TL,Hayır,,,Doğalgaz,Evet,Çankaya,Yaşamkent,2.050.000 TL
18510-18877,Bugün,Satılık,Daire,3 + 1,"
                          165 m2
                        ",1. Kat,3 Yaşında,Kombi,7 Katlı,Uygun,Eşyalı Değil,1,Betonarme,İkinci El,Boş,Kat Mülkiyeti,,Evet,,,Doğalgaz,Evet,Pursaklar,Merkez,510.000 TL
121794-207,Bugün,Satılık,Daire,4 + 1,"
                          175 m2
                        ",6. Kat,7 Yaşında,Merkezi (Pay Ölçer),15 Katlı,Uygun,Eşyalı Değil,2,Betonarme,İkinci El,Kiracı Oturuyor,Kat Mülkiyeti,300 TL,Hayır,"Güney, Batı",3.000 TL,Doğalgaz,Evet,Yenimahalle,Turgut Özal,940.000 TL
93675-788,Bugün,Satılık,Daire,3 + 1,"
                          115 m2
                        ",3. Kat,15 Yaşında,Kombi,3 Katlı,Uygun,Eşyalı Değil,1,Betonarme,İkinci El,Ev Sahibi Oturuyor,,,Evet,"Güney, Batı",,Doğalgaz,Evet,Mamak,Bahçelerüstü,270.000 TL
122878-187,Bugün,Satılık,Daire,3 + 1,"
                          140 m2
                        ",Ara Kat,20 Yaşında,Merkezi,3 Katlı,Uygun,Eşyalı Değil,1,Betonarme,Sıfır,Boş,Kat Mülkiyeti,250 TL,Evet,,4.000 TL,Doğalgaz,Evet,Çankaya,İlkadım,645.000 TL
3918-3944,Bugün,Satılık,Villa,9 + 3,"
                          600 m2
                        ",,10 Yaşında,Kombi,3 Katlı,Uygun,Eşyalı Değil,5,Betonarme,İkinci El,Belirtilmemiş,,,,,,Doğalgaz,Evet,Gölbaşı,İncek,6.200.000 TL
111749-625,Bugün,Satılık,Daire,4 + 1,"
                          200 m2
                        ",1. Kat,5 Yaşında,Merkezi,8 Katlı,Uygun,Eşyalı Değil,2,Betonarme,İkinci El,Kiracı Oturuyor,Kat Mülkiyeti,170 TL,Hayır,"Güney, Doğu",3.000 TL,Doğalgaz,Evet,Yenimahalle,Turgut Özal,810.000 TL
4070-1367,Bugün,Satılık,Daire,3 + 1,"
                          120 m2
                        ",Kot 1,40 Yaşında,Merkezi,4 Katlı,Uygun,Eşyalı Değil,1,Betonarme,İkinci El,Boş,,300 TL,Hayır,Güney,,Doğalgaz,Evet,Çankaya,Güvenevler,415.000 TL
5554-4234,Bugün,Satılık,Daire,4 + 1,"
                          210 m2
                        ",3. Kat,2 Yaşında,Merkezi,17 Katlı,Uygun,Eşyalı Değil,2,Betonarme,İkinci El,Belirtilmemiş,Kat Mülkiyeti,850 TL,Hayır,"Kuzey, Doğu",10.000 TL,Doğalgaz,Evet,Çankaya,Mutlukent,2.650.000 TL
39997-4123,Bugün,Satılık,Daire,2 + 1,"
                          129 m2
                        ",3. Kat,9 Yaşında,Merkezi (Pay Ölçer),14 Katlı,Uygun,Eşyalı Değil,1,Betonarme,İkinci El,Kiracı Oturuyor,,350 TL,Hayır,"Kuzey, Batı",,Doğalgaz,Evet,Çankaya,Yaşamkent,790.000 TL
123094-386,Bugün,Satılık,Daire,2 + 1,"
                          95 m2
                        ",Giriş Katı,3 Yaşında,Kombi,3 Katlı,Uygun,Eşyalı Değil,1,Betonarme,İkinci El,Ev Sahibi Oturuyor,,,Hayır,Güney,,Doğalgaz,Evet,Mamak,Misket,203.000 TL
4005-171,Bugün,Satılık,Daire,6 + 1,"
                          285 m2
                        ",Teras Katı,10 Yaşında,Kat Kaloriferi,5 Katlı,Uygun,Eşyalı Değil,3,Betonarme,İkinci El,Boş,Kat Mülkiyeti,30 TL,Hayır,"Güney, Doğu, Batı",1.500 TL,Doğalgaz,Evet,Etimesgut,Topçu,480.000 TL
19258-3869,Bugün,Satılık,Müstakil Ev,5 + 2,"
                          180 m2
                        ",,30 Yaşında,Kombi,3 Katlı,Uygun,Eşyalı Değil,2,Betonarme,İkinci El,Kiracı Oturuyor,,15 TL,Hayır,"Güney, Doğu, Batı",,Doğalgaz,Evet,Yenimahalle,Uğur Mumcu,575.000 TL
9595-1691,Bugün,Satılık,Daire,2 + 1,"
                          85 m2
                        ",Bahçe Katı,30 Yaşında,Kombi,3 Katlı,Uygun,Eşyalı Değil,1,Betonarme,İkinci El,Boş,Kat Mülkiyeti,25 TL,Hayır,"Kuzey, Güney",1.200 TL,Doğalgaz,Evet,Çankaya,Emek,290.000 TL
5438-23032,Bugün,Satılık,Daire,3 + 1,"
                          135 m2
                        ",2. Kat,20 Yaşında,Kombi,4 Katlı,Uygun,Eşyalı Değil,1,Betonarme,İkinci El,Boş,Kat Mülkiyeti,,Hayır,"Güney, Batı",,Doğalgaz,Evet,Çankaya,Sokullu Mehmet Paşa,419.000 TL
69702-682,Bugün,Satılık,Villa,5 + 2,"
                          500 m2
                        ",,20 Yaşında,Isıtma Yok,3 Katlı,Uygun,Eşyalı Değil,4,Betonarme,Yapım Aşamasında,Boş,Kat Mülkiyeti,400 TL,Hayır,"Kuzey, Güney, Doğu, Batı",,Doğalgaz,Evet,Gölbaşı,Kızılcaşar,2.750.000 TL
692656-585,Bugün,Satılık,Daire,3 + 1,"
                          175 m2
                        ",3. Kat,Sıfır Bina,Merkezi (Pay Ölçer),20 Katlı,Uygun,Eşyalı,2,Betonarme,Sıfır,Boş,Kat Mülkiyeti,200 TL,Hayır,"Güney, Doğu, Batı",3.000 TL,Doğalgaz,Evet,Keçiören,Ovacık,865.000 TL
